sentence,pos_triplet,neg_triplet,pos_url,neg_url,pos_image_id,neg_image_id,subj_neg,verb_neg,obj_neg
man stand behind the wall,"man,stand,wall","man,sit,wall",https://previews.123rf.com/images/ryanking999/ryanking9991702/ryanking999170200409/72735211-apuesto-hombre-de-pie-con-pared-de-ladrillo-asi%C3%A1tico.jpg,https://previews.123rf.com/images/ryanking999/ryanking9991703/ryanking999170300165/72844322-hombre-sentarse-y-sentirse-deprimido-con-pared-de-ladrillo-asi%C3%A1tico.jpg,90,91,False,True,False
The woman is sitting against the wall.,"woman,sit,wall","woman,sit,sand",http://www.colourbox.com/preview/5020075-522756-young-woman-sitting-on-the-wooden-floor-against-white-wall.jpg,https://st4.depositphotos.com/1462687/20482/i/1600/depositphotos_204822478-stock-photo-pretty-woman-casual-clothes-sit.jpg,178,179,False,False,True
Man doing exercise sits in front of a wall,"man,sit,wall","man,stand,wall",https://hips.hearstapps.com/hmg-prod.s3.amazonaws.com/images/workouts/2017/09/wall-sit-1506433841.gif,https://previews.123rf.com/images/ryanking999/ryanking9991702/ryanking999170200409/72735211-apuesto-hombre-de-pie-con-pared-de-ladrillo-asi%C3%A1tico.jpg,365,90,False,True,False
A man is standing on a wall.,"man,stand,wall","man,stand,building', 'man,stand,front",https://previews.123rf.com/images/deagreez/deagreez2001/deagreez200104071/139177244-full-size-photo-of-gorgeous-brutal-man-stand-isolated-over-grey-wall-background-touch-hand-his-hairc.jpg,https://thumbs.dreamstime.com/z/%E5%9C%A8%E7%8E%B0-%E4%BC%81%E4%B8%9A%E5%A4%A7%E5%8E%A6%E5%89%8D%E9%9D%A2%E7%9A%84-%E4%BA%BA%E7%AB%8B%E5%9C%BA-32285543.jpg,442,443,False,False,True
A man is standing on a wall.,"man,stand,wall","girl,stand,wall",https://previews.123rf.com/images/deagreez/deagreez2001/deagreez200104071/139177244-full-size-photo-of-gorgeous-brutal-man-stand-isolated-over-grey-wall-background-touch-hand-his-hairc.jpg,https://image.shutterstock.com/z/stock-photo-1297043299.jpg,442,524,True,False,False
The man is sitting on the wall.,"man,sit,wall","woman,sit,wall",https://comps.canstockphoto.at/unten-sitzen-wand-junges-schauen-stock-foto_csp18140520.jpg,https://www.verywellfit.com/thmb/eUo13qkhfyCg_DHMV9QcoxWk6YI=/500x350/filters:no_upscale():max_bytes(150000):strip_icc()/47-3120741-WallSit-003-1be63dfbd24d4fcba0521e1f37d33ddf.jpg,603,604,True,False,False
a person sitting on the wall,"person,sit,wall","person,sit,branch",https://c7.uihere.com/files/281/692/909/woman-female-sit-sitting.jpg,https://c0.anyrgb.com/images/795/432/human-person-kid-hide-and-seek-climbing-caucasian-child-denim-playing-sit.jpg,695,696,False,False,True
A person sitting against a wall.,"person,sit,wall","person,sit,tree', 'person,sit,park",https://previews.123rf.com/images/ryanking999/ryanking9991703/ryanking999170300165/72844322-hombre-sentarse-y-sentirse-deprimido-con-pared-de-ladrillo-asi%C3%A1tico.jpg,https://static1.bigstockphoto.com/1/3/2/large1500/231684076.jpg,91,712,False,False,True
girl standing against wall,"girl,stand,wall","girl,stand,garden', 'girl,stand,park",https://image.shutterstock.com/z/stock-photo-1297043299.jpg,https://thumbs.dreamstime.com/z/%E5%B0%8F%E4%BA%9A%E6%B4%B2%E5%A5%B3%E5%AD%A9%E7%AB%99%E5%9C%A8%E6%9C%A8%E6%9D%90%E4%B8%8A%EF%BC%8C%E5%9C%A8%E5%85%AC%E5%9B%AD%E6%88%96%E8%8A%B1%E5%9B%AD%E9%87%8C%E7%8E%A9%E8%80%8D%EF%BC%8C%E7%9C%8B%E4%B8%8A%E5%8E%BB%E5%BE%88%E6%9C%89%E8%B6%A3-173974957.jpg,524,887,False,False,True
A woman sits in a field.,"woman,sit,field","woman,stand,field",https://previews.123rf.com/images/studio-54/studio-541809/studio-54180900019/108577037-full-length-body-beautiful-girl-sit-on-soccer-green-grass-field-sporty-sexy-woman-with-football-ball.jpg,https://st3.depositphotos.com/4675069/15498/i/1600/depositphotos_154989568-stock-photo-gorgeous-man-and-woman-stand.jpg,260,3040,False,True,False
The child walks on the beach.,"child,walk,beach","lady,walk,beach",https://st.focusedcollection.com/18590116/i/1800/focused_212445008-stock-photo-father-teaching-baby-walk-beach.jpg,https://media.istockphoto.com/photos/woman-walk-on-the-beach-picture-id475218569,3362,3702,True,False,False
The girl is walking on the beach.,"girl,walk,beach","girl,lie,beach",http://thumbs.dreamstime.com/z/beautiful-young-girl-walk-beach-11604230.jpg,https://comps.canstockphoto.be/branding-leugen-zijn-zee-strand-stockfotografie_csp42225708.jpg,1107,1108,False,True,False
A person runs on the street,"person,run,street","person,wander,street",https://i.pinimg.com/originals/27/d0/3c/27d03c3862afb70246d0f6b1534d55cb.jpg,https://c8.alamy.com/comp/2BW2GR8/children-and-toddlers-played-in-the-street-even-a-child-of-this-age-could-be-allowed-to-play-outside-wander-off-and-come-back-with-the-care-of-the-policeman-on-the-beat-2BW2GR8.jpg,1130,1131,False,True,False
A woman lies on a beach.,"woman,lie,beach","woman,jump,beach",https://media.istockphoto.com/photos/man-and-woman-lie-on-a-deserted-sea-beach-and-hug-summer-vacation-picture-id1224829740,https://media.istockphoto.com/photos/woman-to-jump-at-the-beach-picture-id920870580,2,3,False,True,False
A woman walks through the meadow.,"woman,walk,meadow","horse,walk,meadow",https://img.freepik.com/darmowe-zdjecie/mloda-kobieta-w-kapeluszu-chodzi-przez-laki-spaceruj-w-sloneczny-dzien-widok-z-tylu_134398-5585.jpg?size=626&ext=jpg,https://img4.goodfon.com/wallpaper/nbig/8/7a/zelen-trava-priroda-kon-loshad-koni-loshadi-belogrivyi-persi.jpg,12,13,True,False,False
Woman runs on road.,"woman,run,road","child,run,road",http://ak5.picdn.net/shutterstock/videos/8626459/thumb/11.jpg?i10c=img.resize(height:160),https://www.runpacers.com/wp/wp-content/uploads/2017/03/Kids-Running-CapClassic-NavyYard-1200x600-1200x600.jpg,20,21,True,False,False
The woman runs in the park.,"woman,run,park","woman,stand,park",https://cdn.knewsodisha.com/wp-content/uploads/2020/07/RUN-1.jpg,https://thumbs.dreamstime.com/z/%D0%BC%D0%BE%D0%BB%D0%BE%D0%B4%D0%B0%D1%8F-%D0%B6%D0%B5%D0%BD%D1%89%D0%B8%D0%BD%D0%B0-%D0%B2-%D1%87%D0%B5%D1%80%D0%BD%D0%BE%D0%B9-%D1%81%D1%82%D0%BE%D0%B9%D0%BA%D0%B5-%D0%BF%D0%BB%D0%B0%D1%82%D1%8C%D1%8F-%D0%B8-%D0%BF%D0%B0%D0%BB%D1%8C%D1%82%D0%BE-%D0%B7%D0%B8%D0%BC%D0%B5-%D0%B2%D0%B8%D0%B4%D0%B0-%D1%81%D0%BF%D0%B5%D1%80%D0%B5%D0%B4%D0%B8-138555549.jpg,88,89,False,True,False
A woman is running in the field.,"woman,run,field","woman,walk,field",http://c8.alamy.com/comp/B2XCTF/woman-jogging-in-the-park-on-a-hot-summers-day-step-run-running-field-B2XCTF.jpg,https://previews.123rf.com/images/4559585/45595851903/4559585190300289/119011732-beautiful-young-couple-man-and-woman-walking-wheat-field-in-summer-holding-each-others-hand-smiling-.jpg,94,95,False,True,False
Woman runs on road.,"woman,run,road","woman,walk,road",http://ak5.picdn.net/shutterstock/videos/8626459/thumb/11.jpg?i10c=img.resize(height:160),https://i.pinimg.com/originals/a8/9a/69/a89a69b15302673fda3dbc6c43ed7174.jpg,20,132,False,True,False
A woman sits on a tree.,"woman,sit,tree","woman,stand,tree",https://c8.alamy.com/comp/G6T6CF/woman-with-smartphone-sitting-on-a-pine-tree-in-a-park-G6T6CF.jpg,https://thumbs.dreamstime.com/z/%CF%83%CE%BA%CE%BF%CF%84%CE%B5%CE%B9%CE%BD%CE%AE-%CE%BC%CE%B1%CE%BB%CE%BB%CE%B9%CE%B1%CF%81%CE%AE-%CF%83%CF%84%CE%AC%CF%83%CE%B7-%CE%B3%CF%85%CE%BD%CE%B1%CE%B9%CE%BA%CF%8E%CE%BD-%CE%BC%CF%80%CF%81%CE%BF%CF%83%CF%84%CE%AC-%CE%B1%CF%80%CF%8C-%CF%84%CE%BF-%CE%B4%CE%AD%CE%BD%CF%84%CF%81%CE%BF-%CE%B7-%CE%B3%CF%85%CE%BD%CE%B1%CE%AF%CE%BA%CE%B1-%CE%AD%CF%87%CE%B5%CE%B9-130211381.jpg,137,138,False,True,False
A woman walks past trees.,"woman,walk,tree","woman,walk,pier",https://previews.123rf.com/images/microstockasia/microstockasia1612/microstockasia161201846/69306277-%E6%9C%A8-%E3%80%85%E3%81%AE%E9%96%93%E3%82%92%E6%AD%A9%E3%81%84%E3%81%A6%E8%8B%A5%E3%81%84%E5%A5%B3%E6%80%A7.jpg,https://previews.123rf.com/images/savconstantine/savconstantine2002/savconstantine200200065/139895827-woman-on-the-pier-girl-in-the-dress-is-walking-on-the-pier-back-view-vacation-walk-and-tourism-.jpg,154,155,False,False,True
A woman sits in a field.,"woman,sit,field","woman,run,field",https://previews.123rf.com/images/studio-54/studio-541809/studio-54180900019/108577037-full-length-body-beautiful-girl-sit-on-soccer-green-grass-field-sporty-sexy-woman-with-football-ball.jpg,https://i.pinimg.com/736x/c6/ce/e5/c6cee56581dfd19b4446f534f647221a--flo-jo-jo-omeara.jpg,260,261,False,True,False
Girl is standing in the grass.,"girl,stand,grass","dog,stand,grass",https://previews.123rf.com/images/aleksejzhagunov/aleksejzhagunov1610/aleksejzhagunov161000174/64162703-%E7%99%BD%E3%81%84%E3%83%89%E3%83%AC%E3%82%B9%E3%81%A7%E7%BE%8E%E3%81%97%E3%81%84%E3%83%95%E3%82%A1%E3%83%83%E3%82%B7%E3%83%A7%E3%83%B3%E3%81%AE%E5%B0%91%E5%A5%B3%E3%81%AB%E5%AF%BE%E6%8A%97%E9%87%8E%E8%8D%89.jpg,https://images-na.ssl-images-amazon.com/images/I/71QIUrsFg-L._AC_SX522_.jpg,0,1,True,False,False
A girl sits against a tree.,"girl,sit,tree","girl,sit,floor",https://www.wallpaperup.com/uploads/wallpapers/2018/06/14/1268593/73ecafd97075df219fdd548c8f540a25-700.jpg,https://c8.alamy.com/comp/HR5XTH/beautiful-girl-sitting-down-on-the-floor-over-whiet-with-reflection-HR5XTH.jpg,8,9,False,False,True
A girl is sitting in the meadow.,"girl,sit,meadow","girl,stand,meadow",http://thumbs.dreamstime.com/z/young-girl-sitting-meadow-12568691.jpg,https://previews.agefotostock.com/previewimage/medibigoff/c2ce54539a5b97f08fccab5d17054c43/h44-10317770.jpg,18,19,False,True,False
A girl walks on the side of a street.,"girl,walk,street","girl,walk,road",https://elements-video-cover-images-0.imgix.net/files/68eacbce-e184-400f-a91e-0e4edef5f07e/inline_image_preview.jpg?auto=compress%2Cformat&fit=min&h=394&w=700&s=21e9ee9078fd00fc90d05c51a0794961,https://res.cloudinary.com/twenty20/private_images/t_watermark-criss-cross-10/v1516832055000/photosp/d2c5a593-1236-4ca3-90fa-35581adbb60e/stock-photo-people-walking-summer-greece-girl-person-walk-alone-between-the-mountains-lagadia-vilage-d2c5a593-1236-4ca3-90fa-35581adbb60e.jpg,26,27,False,False,True
A girl lying in a field.,"girl,lie,field","girl,lie,ground",https://image.freepik.com/darmowe-zdjecie/blondynka-lezy-w-lozku-na-polu-kwiaty-leza-na-lozku-zielona-trawa-i-biala-posciel-relaks-i-spa_213455-789.jpg,https://ak.picdn.net/shutterstock/videos/1057058681/thumb/1.jpg?ip=x480,52,53,False,False,True
girl stand near tree,"girl,stand,tree","girl,sit,tree",https://st3.depositphotos.com/3072055/15372/i/1600/depositphotos_153721142-stock-photo-portrait-asia-beautiful-girl-stand.jpg,https://image.shutterstock.com/image-photo/little-girl-climbed-on-tree-600w-37486456.jpg,54,55,False,True,False
A girl standing in grass.,"girl,stand,grass","puppy,stand,grass",https://image.shutterstock.com/image-photo/grass-outdoor-on-back-background-600w-708502795.jpg,https://c8.alamy.com/comp/E4RGJ3/sad-little-foxhound-puppy-dog-stand-on-green-grass-background-E4RGJ3.jpg,82,83,True,False,False
girl stand near tree,"girl,stand,tree","girl,sit,tree",https://st3.depositphotos.com/3072055/15372/i/1600/depositphotos_153721142-stock-photo-portrait-asia-beautiful-girl-stand.jpg,https://image.shutterstock.com/image-photo/little-girl-climbed-on-tree-600w-37486453.jpg,54,114,False,True,False
A child sits on the floor with friends.,"child,sit,floor","girl,sit,floor', 'woman,sit,floor",http://vtimes.com.au/up/images/2016-07/232278-3x2-940x627.jpg,https://image.shutterstock.com/image-photo/beautiful-woman-sitting-on-floor-260nw-527373874.jpg,278,279,True,False,False
A child is running across the beach.,"child,run,beach","child,sit,beach",https://previews.123rf.com/images/famveldman/famveldman1712/famveldman171200241/92123829-%E7%BE%8E%E3%81%97%E3%81%84%E3%83%93%E3%83%BC%E3%83%81%E3%81%A7%E3%81%AE%E5%AD%90%E3%80%82%E5%AE%9F%E8%A1%8C%E3%81%97%E3%81%A6%E3%82%B8%E3%83%A3%E3%83%B3%E3%83%97%E6%B5%B7%E3%81%A7%E6%B5%B7%E5%B2%B8%E3%81%AE%E5%B0%8F%E3%81%95%E3%81%AA%E7%94%B7%E3%81%AE%E5%AD%90%E3%80%82%E5%AD%90%E4%BE%9B%E3%81%A8%E4%B8%80%E7%B7%92%E3%81%AB%E6%B5%B7%E3%81%AE%E4%BC%91%E6%9A%87%E3%80%82%E5%AD%90%E3%81%A9%E3%82%82%E3%81%9F%E3%81%A1%E3%81%AF%E3%80%81%E5%A4%8F%E3%81%AE%E3%83%93%E3%83%BC%E3%83%81%E3%81%A7%E9%81%8A%E3%81%B6%E3%80%82%E6%B0%B4%E3%81%AE%E6%A5%BD%E3%81%97%E3%81%BF%E3%80%82%E5%AD%90%E4%BE%9B%E3%81%9F.jpg,https://st4.depositphotos.com/1189140/24123/i/1600/depositphotos_241236060-stock-photo-children-boy-girl-swimsuit-sit.jpg,393,394,False,True,False
A child sits on a beach.,"child,sit,beach","child,sit,front', 'child,sit,car",https://previews.123rf.com/images/dmosreg/dmosreg1904/dmosreg190400027/121479554-happy-kid-have-fun-on-sea-beach-child-sit-in-water-pool-watching-airplanes-landing-at-nearby-airport.jpg,https://arthurrothsteinarchive.com/i/2019/05/federal-approved-restraint-system-dog-in-back-of-truck-law-california-bed-of-a-truck-date-is-it-legal-to-ride-in-the-back-of-a-truck-with-a-camper-shell.jpg,480,403,False,False,True
The child runs on the beach,"child,run,beach","girl,run,beach",https://thumbs.dreamstime.com/b/%E5%8F%AF%E7%88%B1%E7%9A%84%E5%A5%B3%E5%AD%A9%E5%9C%A8%E6%B2%99%E6%BB%A9%E4%B8%8A%E8%B7%91%E6%AD%A5%EF%BC%8C%E5%AD%A9%E5%AD%90%E9%94%BB%E7%82%BC%EF%BC%8C%E5%81%A5%E5%BA%B7%E7%9A%84%E7%94%9F%E6%B4%BB%E6%96%B9%E5%BC%8F-173685795.jpg,https://i.pinimg.com/originals/36/0f/be/360fbe37bb5cb60b90b6f70edf157db8.jpg,555,556,True,False,False
The child ran down the street.,"child,run,street","girl,run,street",https://thumbs.dreamstime.com/z/%D0%BC%D0%B0%D0%BB%D0%B5%D0%BD%D1%8C%D0%BA%D0%B8%D0%B9-%D1%80%D0%B5%D0%B1%D0%B5%D0%BD%D0%BE%D0%BA-%D0%B8%D0%BC%D0%B5%D1%8F-%D0%BF%D0%BE%D1%82%D0%B5%D1%85%D1%83-%D0%BF%D1%83%D1%82%D0%B5%D0%BC-%D0%B1%D0%B5%D0%B6%D0%B0%D1%82%D1%8C-%D0%BD%D0%B0-%D1%83%D0%BB%D0%B8%D1%86%D0%B0%D1%85-123531780.jpg,https://st4.depositphotos.com/6202708/20244/i/1600/depositphotos_202449192-stock-photo-sporty-girl-run-street-night.jpg,825,602,True,False,False
A person sits on a beach.,"person,sit,beach","person,sit,staircase",http://ak.picdn.net/shutterstock/videos/127519/thumb/1.jpg,https://image.shutterstock.com/image-photo/handsome-asian-casual-glasses-man-600w-1238503762.jpg,150,151,False,False,True
A person chose to stand on the beach.,"person,stand,beach","person,stand,shop",https://thumbs.dreamstime.com/z/%CF%83%CF%84%CE%AC%CF%83%CE%B7-%CE%B1%CF%84%CF%8C%CE%BC%CF%89%CE%BD-%CE%BC%CF%8C%CE%BD%CE%BF-%CF%83%CF%84%CE%B7%CE%BD-%CF%80%CE%B1%CF%81%CE%B1-%CE%AF%CE%B1-73828307.jpg,https://c8.alamy.com/comp/K9N6AH/a-person-standing-at-the-magazine-stand-in-a-newsagents-shop-reading-K9N6AH.jpg,211,212,False,False,True
The girl ran peacefully along the beach.,"girl,run,beach","boy,run,beach",https://previews.123rf.com/images/chepko/chepko1303/chepko130300073/18521299-%EC%95%84%EB%A6%84%EB%8B%A4%EC%9B%80-%EC%97%AC%EC%9E%90-%ED%95%B4%EB%B3%80%EC%97%90%EC%84%9C-%EC%8B%A4%ED%96%89.jpg,https://previews.123rf.com/images/nadezhda1906/nadezhda19061706/nadezhda1906170600310/80782021-%E5%B9%B8%E3%81%9B%E3%81%AA%E5%B0%91%E5%B9%B4%E3%81%8C%E3%83%93%E3%83%BC%E3%83%81%E3%81%A7%E3%80%81%E6%B3%A2%E3%81%A7%E3%83%97%E3%83%AC%E3%82%A4%E3%82%92%E5%AE%9F%E8%A1%8C.jpg,248,249,True,False,False
A person is sitting on the beach.,"person,sit,beach","father,sit,beach",https://c8.alamy.com/comp/H4719A/beach-man-barefoot-sit-laptop-person-sandy-beach-sea-computer-portable-H4719A.jpg,https://thumbs.dreamstime.com/b/%CE%BF-%CF%80%CE%B1%CF%84%CE%AD%CF%81%CE%B1%CF%82-%CE%BA%CE%B1%CE%B9-%CE%B3%CE%B9%CE%BF%CF%82-%CF%83%CF%84%CE%B1-%CE%BA%CE%B1%CF%80%CE%AD%CE%BB%CE%B1-santa-%CE%BA%CE%AC%CE%B8%CE%BF%CE%BD%CF%84%CE%B1%CE%B9-%CF%83%CF%84%CE%B7%CE%BD-%CF%89%CE%BA%CE%B5%CE%AC%CE%BD%CE%B9%CE%B1-%CF%80%CE%B1%CF%81%CE%B1%CE%BB%CE%AF%CE%B1-123302829.jpg,258,259,True,False,False
mother walks on beach,"mother,walk,beach","mother,walk,road', 'mother,walk,path",https://st4.depositphotos.com/1603423/22936/i/1600/depositphotos_229365588-stock-photo-mother-and-son-walking-on.jpg,https://c8.alamy.com/comp/2A72MRP/mother-and-son-on-a-dirt-road-in-a-path-between-the-rice-fields-rural-landscape-where-a-boy-and-his-mother-walk-along-a-road-in-the-middle-of-an-autu-2A72MRP.jpg,276,277,False,False,True
A boy sits on the beach.,"boy,sit,beach","boy,sit,tree', 'boy,sit,grass', 'boy,sit,lawn",https://previews.123rf.com/images/tverdohlib/tverdohlib1610/tverdohlib161000790/64985902-%E6%97%A5%E5%BD%93%E3%81%9F%E3%82%8A%E3%81%AE%E8%89%AF%E3%81%84%E5%A4%8F%E3%81%AE%E6%97%A5%E7%A0%82%E3%81%AE%E5%BB%BA%E7%89%A9%E3%82%BF%E3%83%AF%E3%83%BC%E3%81%AE%E9%9D%92%E3%81%84%E6%B5%B7%E3%81%AE%E3%81%9D%E3%81%B0%E3%81%AE%E5%B0%8F%E7%9F%B3%E3%81%AE%E3%83%93%E3%83%BC%E3%83%81%E3%81%AB%E5%BA%A7%E3%81%A3%E3%81%A6%E3%81%84%E3%82%8B%E6%AF%8D%E3%81%AE%E8%8B%A5%E3%81%84%E5%A5%B3%E6%80%A7%E3%81%A8%E6%81%AF%E5%AD%90%E3%81%AE%E7%94%B7%E3%81%AE%E5%AD%90.jpg,https://cdn7.dissolve.com/p/D1144_2_191/D1144_2_191_1200.jpg,304,305,False,False,True
A woman stands on the beach.,"woman,stand,beach","woman,stand,meadow",https://st3.depositphotos.com/1010815/18924/i/1600/depositphotos_189247812-stock-photo-sad-caucasian-woman-stand-on.jpg,http://c8.alamy.com/comp/M6DY1C/long-hair-woman-photographer-stand-on-meadow-and-wait-for-sunrise-M6DY1C.jpg,407,408,False,False,True
The mother walks along the beach.,"mother,walk,beach","boy,walk,beach",https://thumbs.dreamstime.com/z/%CE%BC%CE%B7%CF%84%CE%AD%CF%81%CE%B1-%CE%BA%CE%B1%CE%B9-%CE%BD%CE%AD%CE%B1-%CF%80%CE%B1%CF%81%CE%B1%CE%BB%CE%AF%CE%B1-%CF%80%CE%B5%CF%81%CE%B9%CF%80%CE%AC%CF%84%CF%89%CE%BD-%CE%B3%CE%B9%CF%89%CE%BD-98987317.jpg,https://res.cloudinary.com/twenty20/private_images/t_watermark-criss-cross-10/v1553832892000/photosp/552faf6f-f564-421e-9cfa-c59d0c568059/stock-photo-men-sea-beach-walking-ocean-boy-walk-beach-life-552faf6f-f564-421e-9cfa-c59d0c568059.jpg,439,440,True,False,False
A woman is sitting at the park.,"woman,sit,park","woman,sit,mat",https://www.photocase.com/photos/2795757-front-view-of-a-young-hipster-woman-sitting-on-grass-in-a-park-while-holding-a-flower-and-smiling-in-a-sunny-day-photocase-stock-photo-large.jpeg,https://img.freepik.com/darmowe-zdjecie/dopasowanie-doroslej-szczuplej-kobiety-ma-trening-w-domu-pozytywna-rozochocona-starsza-kobieta-siedzi-na-joga-macie-i-pozie-podczas-cwiczyc-przerwe-dobre-samopoczucie-kobiety-o-pieknym-dopasowanym-wieku_186523-1323.jpg?size=626&ext=jpg,395,396,False,False,True
A man sits on a park bench.,"man,sit,park","man,sit,table",https://ak.picdn.net/offset/photos/58d29e9217fb156e48057692/medium/offset_530148.jpg,http://thumbs.dreamstime.com/t/homem-de-neg%C3%B3cio-de-convite-que-senta-se-na-tabela-31717619.jpg,801,583,False,False,True
A woman walks in the park.,"woman,walk,park","man,walk,park",http://i1.ytimg.com/vi/8UE1Bsnmkis/maxresdefault.jpg,https://media.istockphoto.com/photos/senior-man-walking-in-a-park-picture-id1134930184,810,811,True,False,False
A person is walking in the field.,"person,walk,field","person,walk,area', 'person,walk,street",https://images.unsplash.com/photo-1530520805891-baf82d3000c9?ixid=MXwxMjA3fDB8MHxjb2xsZWN0aW9uLXBhZ2V8MTZ8ODgxNjY4N3x8ZW58MHx8fA%3D%3D&ixlib=rb-1.2.1&w=1000&q=80,https://img.freepik.com/darmowe-zdjecie/mezczyzna-skrzyzowanie-drogi-na-ruchliwej-ulicy_23-2147932409.jpg?size=626&ext=jpg,653,387,False,False,True
A woman is walking along the sea.,"woman,walk,sea","woman,walk,footpath",https://image.freepik.com/darmowe-zdjecie/portret-kobiety-piekny-mlody-azjatykci-spacer-na-plazy-i-dennym-oceanie-z-usmiechem-szczesliwym-relaksuje_74190-8309.jpg,https://st3.depositphotos.com/1719616/16691/i/1600/depositphotos_166919648-stock-photo-young-woman-walk-on-footpath.jpg,315,316,False,False,True
A girl goes for a run by the sea.,"girl,run,sea","girl,jump,sea",https://thumbs.dreamstime.com/z/%E5%BF%AB%E4%B9%90%E5%8F%AF%E7%88%B1%E7%9A%84%E5%B0%8F%E5%A5%B3%E5%AD%A9%E5%9C%A8%E6%B2%99%E6%BB%A9%E4%B8%8A%E8%B7%91%EF%BC%8C%E5%AD%A9%E5%AD%90%E4%BA%AB%E5%8F%97%E5%81%87%E6%9C%9F-%E5%BF%AB%E4%B9%90%E5%8F%AF%E7%88%B1%E7%9A%84%E5%B0%8F%E5%A5%B3%E5%AD%A9%E5%9C%A8%E7%83%AD%E5%B8%A6%E6%B2%99%E6%BB%A9%E4%B8%8A%E8%B7%91%EF%BC%8C%E5%AD%A9%E5%AD%90%E5%9C%A8%E6%B5%B7%E4%B8%8A%E5%BA%A6%E5%81%87-175158742.jpg,http://s1.favim.com/orig/16/beach-girl-jump-sea-water-Favim.com-190281.jpg,356,357,False,True,False
A person takes a walk next to the sea.,"person,walk,sea","person,jump,sea",https://p0.pikist.com/photos/881/291/boy-walk-bucket-alone-sand-beach-seaside-sea-seascape-thumbnail.jpg,https://thumbs.dreamstime.com/z/%D0%BC%D0%B0%D0%BB%D1%8C%D1%87%D0%B8%D0%BA-%D1%81%D0%BA%D0%B0%D1%87%D0%B5%D1%82-%D0%BE%D1%82-%D1%81%D0%BA%D0%B0%D0%BB%D1%8B-%D0%B2-%D0%BC%D0%BE%D1%80%D0%B5-%D0%BD%D0%B0-%D0%B3%D0%BE%D1%80%D1%8F%D1%87%D0%B8%D0%B9-%D0%BB%D0%B5%D1%82%D0%BD%D0%B8%D0%B9-%D0%B4%D0%B5%D0%BD%D1%8C-%D0%BF%D1%80%D0%B0%D0%B7%D0%B4%D0%BD%D0%B8%D0%BA%D0%B8-%D0%BF%D0%BB%D1%8F%D0%B6%D0%B5-124205312.jpg,100,364,False,True,False
A woman is walking along the sea.,"woman,walk,sea","woman,run,sea",https://image.freepik.com/darmowe-zdjecie/portret-kobiety-piekny-mlody-azjatykci-spacer-na-plazy-i-dennym-oceanie-z-usmiechem-szczesliwym-relaksuje_74190-8309.jpg,https://c8.alamy.com/comp/H41M4F/sea-women-bikini-run-water-shallowly-happy-20-30-years-21-years-swimwear-H41M4F.jpg,315,390,False,True,False
A man walks by the sea.,"man,walk,sea","man,walk,footpath",https://media.istockphoto.com/photos/man-walk-on-beach-at-rusty-pedal-boat-autumn-sea-picture-id512220128?k=6&m=512220128&s=612x612&w=0&h=owsAtoqZ0WQ3NgNnLfhMHP3Fl73uvGHB1JTPNdA2tRw=,https://st3.depositphotos.com/1869121/36298/v/600/depositphotos_362989322-stock-video-legs-of-a-man-in.jpg,423,424,False,False,True
A WOMAN WALKS BY THE SEA,"woman,walk,sea","man,walk,sea",https://p1.pxfuel.com/preview/1017/442/332/woman-beach-walk.jpg,https://i.pinimg.com/originals/d3/5a/6d/d35a6dfa4fa079e956215a0a996e8a52.jpg,502,503,True,False,False
A person runs along the sea.,"person,run,sea","person,run,nature', 'person,run,athlete",https://www.crushpixel.com/static7/preview2/beautiful-woman-run-sea-91907.jpg,https://previews.123rf.com/images/maridav/maridav1803/maridav180300142/98009451-%E8%87%AA%E7%84%B6%E3%81%AE%E5%B1%B1%E3%81%A7%E3%83%88%E3%83%AC%E3%82%A4%E3%83%AB%E3%83%A9%E3%83%B3%E3%81%A7%E8%B6%85%E3%83%A9%E3%83%B3%E3%83%8B%E3%83%B3%E3%82%B0%E7%94%B7%E3%82%A2%E3%82%B9%E3%83%AA%E3%83%BC%E3%83%88%E3%83%A9%E3%83%B3%E3%83%8A%E3%83%BC%E3%80%82%E8%80%90%E4%B9%85%E3%82%B9%E3%83%9D%E3%83%BC%E3%83%84%E5%81%A5%E5%BA%B7%E7%9A%84%E3%81%AA%E3%82%A2%E3%82%AF%E3%83%86%E3%82%A3%E3%83%96%E3%81%AA%E3%83%A9%E3%82%A4%E3%83%95%E3%82%B9%E3%82%BF%E3%82%A4%E3%83%AB%E3%80%82%E3%83%95%E3%82%A3%E3%83%83%E3%83%88%E3%83%8D%E3%82%B9%E3%81%AE%E3%83%A2%E3%83%81%E3%83%99%E3%83%BC%E3%82%B7%E3%83%A7.jpg,574,575,False,False,True
A dog sitting in a meadow.,"dog,sit,meadow","dog,run,meadow",https://p0.pikist.com/photos/657/663/grass-animal-dog-cute-pet-meadow-sit.jpg,https://static1.bigstockphoto.com/3/5/3/large1500/353676950.jpg,22,23,False,True,False
A dog lies in the grass.,"dog,lie,grass","dog,lie,street",https://media.gettyimages.com/photos/dog-and-cat-lie-on-the-grass-picture-id844521934,https://dur-cjweb.newscyclecloud.com/storyimage/CJ/20180606/NEWS01/180609887/AR/0/AR-180609887.jpg,184,185,False,False,True
Dog lies in a meadow,"dog,lie,meadow","dog,lie,grass",https://previews.123rf.com/images/madrabothair/madrabothair1711/madrabothair171100175/89696481-%EC%B4%88%EC%9B%90%EC%97%90-%EB%88%84%EC%9B%8C%EC%9E%88%EB%8A%94-%EA%B2%80%EC%9D%80-%EB%9E%98%EB%B8%8C%EB%9D%BC%EB%8F%84-%EA%B0%95%EC%95%84%EC%A7%80%EC%9D%98-%EB%A8%B8%EB%A6%AC-%EC%B4%88%EC%83%81%ED%99%94.jpg,https://media.gettyimages.com/photos/dog-and-cat-lie-on-the-grass-picture-id844521934,290,184,False,False,True
A dog is sitting on the floor.,"dog,sit,floor","dog,sit,lawn",https://www.wikihow.com/images/thumb/4/4c/Teach-Your-Dog-to-Sit-Step-4-Version-4.jpg/550px-nowatermark-Teach-Your-Dog-to-Sit-Step-4-Version-4.jpg.webp,https://get.wallhere.com/photo/grass-dog-wet-Fetch-stay-training-animal-cute-plant-meadow-sit-lawn-snout-grass-family-dog-like-mammal-canine-dog-breed-retriever-goldenretriever-command-sporting-group-771514.jpg,376,377,False,False,True
A dog sits on a floor.,"dog,sit,floor","girl,sit,floor",https://thumbs.dreamstime.com/z/%D1%81%D0%BE%D0%B1%D0%B0%D0%BA%D0%B0-chiba-%D1%81%D0%B8-%D0%B8%D1%82-%D0%BD%D0%B0-%D0%BF%D0%BE-%D0%B5-69282574.jpg,http://static3.depositphotos.com/1002181/155/i/950/depositphotos_1552330-Girl-sit-on-floor-and-reading-book.jpg,15,438,True,False,False
A dog runs through a meadow.,"dog,run,meadow","horse,run,meadow",https://st.focusedcollection.com/14026668/i/650/focused_180251974-stock-photo-man-dog-running-meadow.jpg,https://media.istockphoto.com/photos/horse-run-gallop-in-meadow-picture-id1202336315,741,742,True,False,False
A dog stands on a floor.,"dog,stand,floor","dog,lie,floor",https://thumbs.dreamstime.com/z/%D1%81%D1%82%D0%BE%D0%B9%D0%BA%D0%B0-%D1%81%D0%BE%D0%B1%D0%B0%D0%BA%D0%B8-%D1%83%D0%BB%D1%8B%D0%B1%D0%BA%D0%B8-%D1%81%D1%82%D0%BE%D1%80%D0%BE%D0%BD%D1%8B-%D0%B1%D0%B5%D0%BB%D0%B0%D1%8F-%D0%BD%D0%B0-%D0%BA%D0%B0%D0%BC%D0%B5%D0%BD%D0%BD%D0%BE%D0%BC-%D0%BF%D0%BE%D0%BB%D0%B5-%D0%BA%D1%80%D1%83%D0%BF%D0%BD%D0%BE%D0%B3%D0%BE-%D0%BF%D0%BB%D0%B0%D0%BD%D0%B0-147493002.jpg,https://thumbs.dreamstime.com/z/%D1%81%D1%87%D0%B0%D1%81%D1%82%D0%BB%D0%B8%D0%B2%D0%B0%D1%8F-%D0%BA%D0%BE%D1%80%D0%B8%D1%87%D0%BD%D0%B5%D0%B2%D0%B0%D1%8F-%D0%B1%D0%B5%D0%B7%D0%B4%D0%BE%D0%BC%D0%BD%D0%B0%D1%8F-%D1%81%D0%BE%D0%B1%D0%B0%D0%BA%D0%B0-%D0%BB%D0%B5%D0%B6%D0%B8%D1%82-%D0%BD%D0%B0-%D0%BF%D0%BE%D0%BB%D1%83-158443911.jpg,760,761,False,True,False
girl running on the street,"girl,run,street","girl,run,sea",https://thumbs.dreamstime.com/z/%D0%BA%D0%BE%D0%BD%D0%BA%D1%83%D1%80%D0%B5%D0%BD%D1%86%D0%B8%D1%8F-%D0%B1%D0%B5%D0%B3%D0%B0-%D0%BD%D0%BE%D1%87%D0%B8-%D0%BC%D0%B0%D0%BB%D0%B5%D0%BD%D1%8C%D0%BA%D0%BE%D0%B9-%D0%B4%D0%B5%D0%B2%D0%BE%D1%87%D0%BA%D0%B8-%D0%B8%D0%B4%D1%83%D1%89%D0%B0%D1%8F-121480825.jpg,https://previews.123rf.com/images/nadezhda1906/nadezhda19062004/nadezhda1906200400283/145623186-happy-boy-and-girl-run-swim-on-beach-kids-enjoy-sea-vacation.jpg,283,284,False,False,True
The man ran on the street.,"man,run,street","man,run,mountain', 'man,run,trail",https://image.shutterstock.com/image-photo/man-run-on-street-be-600w-1355801306.jpg,https://c8.alamy.com/comp/D0XH5Y/trailrunning-trail-running-trail-ramsau-dachstein-styria-austria-man-D0XH5Y.jpg,288,289,False,False,True
the man run on the road,"man,run,road","man,go,road",http://ak9.picdn.net/shutterstock/videos/5914109/thumb/11.jpg,https://i.pinimg.com/originals/69/bd/80/69bd8065725d57ccd37c8b8da8e17c71.jpg,419,420,False,True,False
A girl with flowers runs through a field.,"girl,run,field","girl,run,road",https://thumbs.dreamstime.com/z/%E5%B9%B4%E8%BD%BB%E9%80%97%E4%BA%BA%E5%96%9C%E7%88%B1%E7%9A%84%E5%A5%B3%E5%AD%A9%E5%9C%A8%E9%A2%86%E5%9F%9F%E8%B7%91%E5%9C%A8%E6%97%A5%E8%90%BD-112570347.jpg,https://c.stocksy.com/a/2qq400/z9/1156426.jpg,436,437,False,False,True
A mother and child run on the beach.,"mother,run,beach","mother,walk,beach",https://img.freepik.com/darmowe-zdjecie/matka-i-dziecko-biegaja-na-piaszczystej-plazy_167657-128.jpg?size=626&ext=jpg,https://previews.123rf.com/images/nadezhda1906/nadezhda19061601/nadezhda1906160100012/50763426-%E5%A4%8F%E3%81%AE%E3%83%93%E3%83%BC%E3%83%81%E3%80%81%E5%AE%B6%E6%97%8F%E3%81%A7%E3%81%AE%E4%BC%91%E6%9A%87%E3%81%AE%E4%B8%8A%E3%82%92%E6%AD%A9%E3%81%8F%E6%AF%8D%E3%81%A8%E6%81%AF%E5%AD%90.jpg,449,450,False,True,False
A person runs as a player in competitive sport.,"person,run,player","person,direct,player",https://get.pxhere.com/photo/person-sport-running-run-player-sports-championship-endurance-athletics-sprint-physical-exercise-junior-gala-mannheim-human-action-endurance-sports-track-and-field-athletics-shot-put-middle-distance-running-749224.jpg,https://i.redd.it/4ipz1533dwq51.jpg,478,479,False,True,False
Woman runs on road.,"woman,run,road","woman,run,beach', 'woman,run,sand",http://ak5.picdn.net/shutterstock/videos/8626459/thumb/11.jpg?i10c=img.resize(height:160),http://oneappsgroup.com/wp-content/uploads/2017/08/woman-running-beach.jpg,20,406,False,False,True
A person is running in front of a player.,"person,run,player","person,run,beach",https://d279m997dpfwgl.cloudfront.net/wp/2020/01/B32I1330-Edit-Alex-Flett-1000x800.jpg,http://ak2.picdn.net/shutterstock/videos/7280962/thumb/11.jpg,725,726,False,False,True
A mother runs on a beach,"mother,run,beach","mother,walk,beach",https://preview.pixlr.com/images/800wm/1182/2/1182205890.jpg,https://i.pinimg.com/originals/98/3f/cf/983fcfca42842b32931691ea7c91719b.jpg,4776,4777,False,True,False
The man is lying in the grass.,"man,lie,grass","man,trim,grass",https://i.pinimg.com/originals/8e/13/63/8e1363e8d10a0ce1b8801beced20f87b.jpg,https://c7.alamy.com/comppt/j4085k/homem-de-aparar-a-relva-j4085k.jpg,5553,5554,False,True,False
A girl runs with a dog.,"girl,run,dog","girl,carry,dog",https://previews.123rf.com/images/amidala/amidala1204/amidala120400042/13230670-%E8%8B%A5%E3%81%84%E5%A5%B3%E3%81%AE%E5%AD%90%E3%81%AF%E7%8A%AC%E3%81%A8%E4%B8%80%E7%B7%92%E3%81%AB%E5%85%AC%E5%9C%92%E3%81%A7%E8%B5%B0%E3%82%8B.jpg,https://image.shutterstock.com/image-photo/labrador-retriever-dog-on-arm-260nw-479610493.jpg,5689,5690,False,True,False
A boy stands in the grass.,"boy,stand,grass","boy,stand,field",https://thumbs.dreamstime.com/z/%E6%8B%BF%E7%9D%80%E7%AF%AE%E5%AD%90%E7%9A%84%E5%BF%AB%E4%B9%90%E7%9A%84%E7%94%B7%E5%AD%A9%E6%9C%89%E5%BE%88%E5%A4%9A%E4%BA%94%E9%A2%9C%E5%85%AD%E8%89%B2%E7%9A%84%E5%A4%8D%E6%B4%BB%E8%8A%82%E5%BD%A9%E8%9B%8B%E6%9B%BF%E6%8D%A2%E8%80%85-111262372.jpg,https://i.pinimg.com/originals/c6/3e/91/c63e9186db1612e9d53aea56c9c96ff6.jpg,945,812,False,False,True
A little boys sits on the floor.,"boy,sit,floor","puppy,sit,floor",https://previews.123rf.com/images/kungverylucky/kungverylucky1307/kungverylucky130700629/21124425-%EB%B0%94%EB%8B%A5%EC%97%90-%EC%95%89%EC%95%84-%EC%9B%83%EB%8A%94-%EC%96%B4%EB%A6%B0-%EC%86%8C%EB%85%84.jpg,https://c7.alamy.com/compde/mc9frh/susse-kleine-schwarze-chihuahua-welpen-sitzen-auf-einer-etage-in-schwarz-und-weiss-mc9frh.jpg,188,189,True,False,False
A man sitting by a tree.,"man,sit,tree","boy,sit,tree",https://static1.bigstockphoto.com/3/3/2/large1500/233570830.jpg,https://comps.canstockphoto.at/junge-schultern-sitzen-lassen-bild_csp37176271.jpg,252,253,True,False,False
A girl is sitting in the meadow.,"girl,sit,meadow","girl,sit,couch",http://thumbs.dreamstime.com/z/young-girl-sitting-meadow-12568691.jpg,https://c8.alamy.com/comp/W4R8FJ/guy-and-girl-sit-on-white-soft-couch-and-discuss-joint-plans-for-future-W4R8FJ.jpg,18,222,False,False,True
Mother sits on a couch.,"mother,sit,couch","bride,sit,couch",https://comps.canstockphoto.at/%C3%A4lter-mutter-m%C3%B6gen-grownup-stock-foto_csp76994845.jpg,https://c8.alamy.com/comp/TTRCWR/groom-and-bride-sitting-on-couch-closeup-TTRCWR.jpg,306,307,True,False,False
A person sits under a tree,"person,sit,tree","person,sit,background', 'person,sit,chair",https://image.shutterstock.com/image-photo/human-sitting-under-tree-man-260nw-284926268.jpg,https://c8.alamy.com/comp/2C5YYFR/bald-man-with-sportswear-sitting-on-a-chair-on-white-background-2C5YYFR.jpg,310,311,False,False,True
woman sits against tree,"woman,sit,tree","woman,sit,meadow', 'woman,sit,grass",http://thumbs.dreamstime.com/z/woman-sitting-under-tree-20872804.jpg,https://thumbs.dreamstime.com/z/%D0%B6%D0%B5%D0%BD%D1%89%D0%B8%D0%BD%D0%B0-%D1%81-%D0%BD%D0%BE%D1%83%D1%82%D0%B1%D1%83%D0%BA%D0%BE%D0%BC-%D1%81%D0%B8%D0%B4%D0%B8%D1%82-%D0%BD%D0%B0-%D0%BA%D0%BE%D0%B2%D1%80%D0%BE%D0%B2%D0%BE%D0%BC-%D1%82%D1%80%D0%B0%D0%B2%D0%B5-%D1%88%D0%B0%D0%B3%D0%B8-%D0%BF%D0%BE-%D0%BD%D0%B0%D1%87%D0%B0%D0%BB%D1%83-%D0%B1%D0%B8%D0%B7%D0%BD%D0%B5%D1%81%D0%B0-159029265.jpg,323,324,False,False,True
girl sits on floor,"girl,sit,floor","girl,sit,classroom",http://previews.123rf.com/images/tonic85/tonic851304/tonic85130400145/19093766-Attractive-caucasian-girl-sitting-on-floor-Stock-Photo.jpg,https://thumbs.dreamstime.com/z/%D0%BD%D0%B0%D1%81%D0%BB%D0%B0%D0%B6%D0%B4%D0%B0%D1%82%D1%8C%D1%81%D1%8F-%D0%B2%D1%80%D0%B5%D0%BC%D0%B5%D0%BD%D0%B5%D0%BC-%D0%B2-%D0%BA%D0%BE%D0%BB%D0%BB%D0%B5%D0%B6%D0%B5-%D0%B3%D0%B0%D0%B9-%D0%B8-%D0%B4%D0%B5%D0%B2%D1%83%D1%88%D0%BA%D0%B0-%D1%81%D0%B8%D0%B4%D1%8F%D1%82-%D0%BA%D0%BB%D0%B0%D1%81%D1%81-%D0%B8%D0%B7%D1%83%D1%87%D0%B0%D1%82%D1%8C-%D0%B8%D0%BB%D0%B8-150394705.jpg,401,402,False,False,True
A boy sits on the floor,"boy,sit,floor","eye,sit,floor', 'woman,sit,floor",http://c8.alamy.com/comp/DC82PC/smiling-kid-sit-on-the-floor-over-white-background-DC82PC.jpg,http://image.freepik.com/free-photo/portrait-beautiful-young-asian-woman-sit-floor-use-laptop-computer-yellow-wall_74190-10377.jpg,444,220,True,False,False
The woman sits on the floor.,"woman,sit,floor","woman,lie,floor",https://thumbs.dreamstime.com/z/%CE%B7-%CE%B3%CF%85%CE%BD%CE%B1%CE%AF%CE%BA%CE%B1-frelance-%CE%BA%CE%AC%CE%B8%CE%B5%CF%84%CE%B1%CE%B9-%CF%83%CF%84%CE%BF-%CF%80%CE%AC%CF%84%CF%89%CE%BC%CE%B1-%CE%BC%CE%B5-%CF%84%CE%BF-%CF%83%CE%B7%CE%BC%CE%B5%CE%B9%CF%89%CE%BC%CE%B1%CF%84%CE%AC%CF%81%CE%B9%CE%BF-62489378.jpg,https://as2.ftcdn.net/jpg/02/21/29/01/500_F_221290120_OsJVW0Kbuj5MLAbod29wis9e1Jixw2FB.jpg,314,458,False,True,False
A woman goes for a walk in a meadow.,"woman,walk,meadow","woman,sit,meadow",https://c8.alamy.com/comp/MTE4F0/young-woman-enjoys-outdoor-walk-model-in-shorts-walks-along-green-meadow-MTE4F0.jpg,https://c8.alamy.com/comp/T9TGC5/girl-tender-blonde-sniff-tiny-flower-while-sit-on-green-grass-meadow-pure-and-tender-concept-woman-enjoy-relax-nature-background-lady-enjoy-tender-T9TGC5.jpg,2077,956,False,True,False
A girl sits on a couch.,"girl,sit,couch","girl,lie,couch",https://st3.depositphotos.com/1385248/16130/i/1600/depositphotos_161301184-stock-photo-woman-sit-on-sofa.jpg,https://wallsheaven.com/decorating-ideas/6885/home-design-living-room-sofa-apartament-6885-teenager-talking-on-the-cell-phone-D80266565.webp?nr=3&size=400,847,312,False,True,False
A man scrolling through his phone while chilling on the floor.,"man,sit,floor","man,sit,room",https://static1.bigstockphoto.com/4/3/2/large1500/234599866.jpg,https://comps.canstockphoto.at/bohnenkaffee-besch%C3%A4ftigt-sitzen-stock-foto_csp64769447.jpg,828,1038,False,False,True
A person takes a run on street,"person,run,street","person,run,race', 'person,run,field', 'person,run,team",http://files.strani.domenca.com/domovanje773/image/npfu4gffz7e-martins-zemlickis.jpg,https://c0.wallpaperflare.com/preview/316/646/437/person-team-run-race.jpg,822,883,False,False,True
A woman runs in a park.,"woman,run,park","man,run,park",https://c8.alamy.com/comp/RH7RY1/woman-on-early-morning-winter-run-through-park-keeping-fit-through-exercise-RH7RY1.jpg,https://c.stocksy.com/a/IZ7300/z9/744080.jpg,907,204,True,False,False
A person is running by the sea.,"person,run,sea","person,run,player",https://c8.alamy.com/comp/X4PAFA/run-sea-sand-sport-sprint-relax-exercise-beach-concept-X4PAFA.jpg,https://get.pxhere.com/photo/person-sport-running-run-player-sports-championship-endurance-athletics-sprint-physical-exercise-junior-gala-mannheim-human-action-endurance-sports-track-and-field-athletics-shot-put-middle-distance-running-749224.jpg,661,478,False,False,True
A player walks with the players,"player,walk,player","player,pass,player",http://gliclub.com/i.php?https://s3.amazonaws.com/charitycdn/cache/resizedcrop-cde897973ea43e1d123891cc8ca4b480-840x480.jpg,http://i0.wp.com/www.scisports.com/wp-content/uploads/2018/08/Passes_Header-1920-1280x720.png,432,433,False,True,False
Players run after a ball on the field.,"player,run,field","player,play,field",https://c8.alamy.com/comp/RDMT4B/football-players-practicing-on-field-in-the-morning-footballer-kicking-and-running-with-the-ball-while-other-players-run-behind-to-take-possession-RDMT4B.jpg,http://www.queen-camel.co.uk/uploads/1/0/1/6/10163560/2454078_orig.jpg,792,793,False,True,False
A woman stands in a meadow.,"woman,stand,meadow","woman,sit,meadow",http://c8.alamy.com/comp/M6DY1C/long-hair-woman-photographer-stand-on-meadow-and-wait-for-sunrise-M6DY1C.jpg,https://thumbs.dreamstime.com/z/%D0%B6%D0%B5%D0%BD%D1%89%D0%B8%D0%BD%D0%B0-%D1%81-%D0%BD%D0%BE%D1%83%D1%82%D0%B1%D1%83%D0%BA%D0%BE%D0%BC-%D1%81%D0%B8%D0%B4%D0%B8%D1%82-%D0%BD%D0%B0-%D0%BA%D0%BE%D0%B2%D1%80%D0%BE%D0%B2%D0%BE%D0%BC-%D1%82%D1%80%D0%B0%D0%B2%D0%B5-%D1%88%D0%B0%D0%B3%D0%B8-%D0%BF%D0%BE-%D0%BD%D0%B0%D1%87%D0%B0%D0%BB%D1%83-%D0%B1%D0%B8%D0%B7%D0%BD%D0%B5%D1%81%D0%B0-159029265.jpg,408,324,False,True,False
A person runs on a field.,"person,run,field","boy,run,field', 'kid,run,field",https://thumbs.dreamstime.com/b/%CE%BD%CE%B5%CE%B1%CF%81%CF%8C%CF%82-%CE%AC%CE%BD%CE%B4%CF%81%CE%B1%CF%82-%CF%80%CE%BF%CF%85-%CE%BF%CF%81%CE%B3%CE%B1%CE%BD%CF%8E%CE%BD%CE%B5%CF%84%CE%B1%CE%B9-%CF%83%CF%84%CE%BF%CE%BD-%CF%84%CE%BF%CE%BC%CE%AD%CE%B1-%CF%83%CF%84%CE%BF-%CE%B5%CE%B8%CE%BD%CE%B9%CE%BA%CF%8C-%CF%80%CE%AC%CF%81%CE%BA%CE%BF-%CF%86-134756424.jpg,https://c7.alamy.com/comp/MK3KXE/kids-play-in-yellow-dandelion-field-child-picking-summer-flowers-little-girl-and-boy-run-in-spring-dandelions-meadow-children-play-outdoor-kid-in-MK3KXE.jpg,1522,882,True,False,False
A woman walks in a park.,"woman,walk,park","woman,run,park",https://ak.picdn.net/shutterstock/videos/1037719541/thumb/1.jpg?ip=x480,https://cdn.knewsodisha.com/wp-content/uploads/2020/07/RUN-1.jpg,1740,88,False,True,False
A boy runs on the beach.,"boy,run,beach","man,run,beach",https://previews.123rf.com/images/nadezhda1906/nadezhda19061706/nadezhda1906170600310/80782021-%E5%B9%B8%E3%81%9B%E3%81%AA%E5%B0%91%E5%B9%B4%E3%81%8C%E3%83%93%E3%83%BC%E3%83%81%E3%81%A7%E3%80%81%E6%B3%A2%E3%81%A7%E3%83%97%E3%83%AC%E3%82%A4%E3%82%92%E5%AE%9F%E8%A1%8C.jpg,https://st3.depositphotos.com/2550635/15669/i/1600/depositphotos_156693894-stock-photo-running-man-on-beach-sportsman.jpg,249,1158,True,False,False
A woman is sitting at the park.,"woman,sit,park","man,sit,park', 'computer,sit,park', 'person,sit,park",https://www.photocase.com/photos/2795757-front-view-of-a-young-hipster-woman-sitting-on-grass-in-a-park-while-holding-a-flower-and-smiling-in-a-sunny-day-photocase-stock-photo-large.jpeg,http://thumbs.dreamstime.com/z/el-hombre-hermoso-se-sienta-en-el-parque-22213860.jpg,395,1290,True,False,False
The may was lying on the beach.,"man,lie,beach","man,stand,beach",https://previews.123rf.com/images/erwinova/erwinova0807/erwinova080700001/3253584-man-lie-down-on-tropical-beach-sand.jpg,https://static1.bigstockphoto.com/0/6/2/large1500/260217106.jpg,577,1889,False,True,False
A man stands in a field.,"man,stand,field","woman,stand,field",https://image.shutterstock.com/image-photo/man-stand-field-600w-577304944.jpg,http://c8.alamy.com/compde/cx4611/foto-der-schonen-frau-auf-weizenfeld-recht-jugendlich-madchen-stand-auf-dem-goldenen-roggen-land-mit-offenen-handen-angehoben-cx4611.jpg,635,636,True,False,False
A person lies in a field.,"person,lie,field","person,walk,field",http://www.rxharun.com/wp-content/uploads/2017/11/girl_grass_lie_flowers_67421_1920x1080.jpg,https://images.unsplash.com/photo-1530520805891-baf82d3000c9?ixid=MXwxMjA3fDB8MHxjb2xsZWN0aW9uLXBhZ2V8MTZ8ODgxNjY4N3x8ZW58MHx8fA%3D%3D&ixlib=rb-1.2.1&w=1000&q=80,652,653,False,True,False
Boys stand in the field.,"boy,stand,field","man,stand,field",https://image.shutterstock.com/image-photo/young-boys-standing-field-shorts-600w-517847896.jpg,https://thumbs.dreamstime.com/b/%CE%BC%CF%8C%CE%BD%CE%BF-%CE%B4%CE%AD%CE%BD%CF%84%CF%81%CE%BF-%CF%83%CF%84%CE%AC%CF%83%CE%B5%CF%89%CE%BD-%CF%83%CF%84%CE%BF%CE%BD-%CF%84%CE%BF%CE%BC%CE%AD%CE%B1-%CF%87%CE%BB%CF%8C%CE%B7%CF%82-%CE%BC%CE%B5-%CF%84%CE%BF-%CE%AC%CF%84%CE%BF%CE%BC%CE%BF-%CF%80%CE%BF%CF%85-%CF%83%CF%84%CE%AD%CE%BA%CE%B5%CF%84%CE%B1%CE%B9-%CF%80%CE%BB%CE%B7%CF%83%CE%AF%CE%BF%CE%BD-147440009.jpg,677,678,True,False,False
The boy is standing on the field,"boy,stand,field","woman,stand,field",https://thumbs.dreamstime.com/z/%D1%81%D1%82%D0%BE%D0%B9%D0%BA%D0%B0-%D0%BC%D0%B0-%D1%8C%D1%87%D0%B8%D0%BA%D0%B0-%D0%BD%D0%B0-%D1%84%D1%83%D1%82%D0%B1%D0%BE-%D1%8C%D0%BD%D0%BE%D0%BC-%D0%BF%D0%BE-%D0%B5-80055773.jpg,http://c8.alamy.com/compde/cx4611/foto-der-schonen-frau-auf-weizenfeld-recht-jugendlich-madchen-stand-auf-dem-goldenen-roggen-land-mit-offenen-handen-angehoben-cx4611.jpg,735,636,True,False,False
The boys stand on the field.,"boy,stand,field","woman,stand,field",https://i.pinimg.com/originals/c6/3e/91/c63e9186db1612e9d53aea56c9c96ff6.jpg,https://previews.123rf.com/images/sabthai/sabthai1908/sabthai190800003/128484747-thai-woman-stand-in-green-rice-field-wear-brown-thailand-dress.jpg,812,813,True,False,False
A man stands in a field.,"man,stand,field","man,stand,desk",https://image.shutterstock.com/image-photo/man-stand-field-600w-577304944.jpg,http://cdn.ndtv.com/tech/images/gadgets/standing_desk_man_flickr.jpg,635,826,False,False,True
A woman runs in a park.,"woman,run,park","woman,walk,park",https://c8.alamy.com/comp/RH7RY1/woman-on-early-morning-winter-run-through-park-keeping-fit-through-exercise-RH7RY1.jpg,http://i1.ytimg.com/vi/8UE1Bsnmkis/maxresdefault.jpg,907,810,False,True,False
A girl walks down the road.,"girl,walk,road","girl,walk,forest",http://pablomajluf.mx/wp-content/uploads/2012/03/Girl-Walk-All-Day.jpg,https://media.istockphoto.com/photos/girl-taking-a-nature-walk-in-the-forest-by-the-river-picture-id1135789852?k=6&m=1135789852&s=170667a&w=0&h=orVNtrioPOVO6l0WRKrf_GmVE63PF92JICqI8AFCxnY=,498,1011,False,False,True
A man goes for a walk in a meadow.,"man,walk,meadow","woman,walk,meadow",https://media.istockphoto.com/photos/asian-man-travel-nature-travel-relaxbackpack-walk-on-the-meadow-in-picture-id1064066468,https://thumbs.dreamstime.com/z/%CE%B3%CF%85%CE%BD%CE%B1%CE%AF%CE%BA%CE%B1-%CF%80%CE%BF%CF%85-%CF%80%CE%B5%CF%81%CF%80%CE%B1%CF%84%CE%AC-%CF%83%CF%84%CE%BF-%CE%BB%CE%B9%CE%B2%CE%AC%CE%B4%CE%B9-117869949.jpg,256,257,True,False,False
A boy runs near the sea.,"boy,run,sea","person,run,sea",https://static1.bigstockphoto.com/2/4/2/large1500/242669146.jpg,https://c8.alamy.com/comp/X4PAFA/run-sea-sand-sport-sprint-relax-exercise-beach-concept-X4PAFA.jpg,958,661,True,False,False
A girl sits in a field.,"girl,sit,field","dog,sit,field', 'puppy,sit,field",https://previews.123rf.com/images/studio-54/studio-541809/studio-54180900019/108577037-full-length-body-beautiful-girl-sit-on-soccer-green-grass-field-sporty-sexy-woman-with-football-ball.jpg,http://keyassets.timeincuk.net/inspirewp/live/wp-content/uploads/sites/3/2007/06/How-to-get-your-gundog-to-sit-630x400.jpg,260,1260,True,False,False
A girl walks on the side of a street.,"girl,walk,street","man,walk,street",https://elements-video-cover-images-0.imgix.net/files/68eacbce-e184-400f-a91e-0e4edef5f07e/inline_image_preview.jpg?auto=compress%2Cformat&fit=min&h=394&w=700&s=21e9ee9078fd00fc90d05c51a0794961,https://thumbs.dreamstime.com/z/%CE%B5%CF%80%CE%B9%CF%87%CE%B5%CE%B9%CF%81%CE%B7%CE%BC%CE%B1%CF%84%CE%AF%CE%B1%CF%82-%CE%AE-%CE%B5%CF%81%CE%B3%CE%B1%CE%B6%CF%8C%CE%BC%CE%B5%CE%BD%CE%BF%CF%82-%CE%B1%CF%81%CF%83%CE%B5%CE%BD%CE%B9%CE%BA%CF%8E%CE%BD-%CF%83%CF%84%CE%BF-%CE%BC%CE%B1%CF%8D%CF%81%CE%BF-%CF%80%CE%B5%CF%81%CE%AF%CF%80%CE%B1%CF%84%CE%BF-%CE%BA%CE%BF%CF%83%CF%84%CE%BF%CF%85%CE%BC%CE%B9%CF%8E%CE%BD-111601966.jpg,26,1535,True,False,False
A women walks across the road,"woman,walk,road","woman,walk,promenade",https://previews.123rf.com/images/primagefactory/primagefactory1809/primagefactory180900472/108580161-a-travel-woman-taking-a-walk-on-the-road-for-a-break-after-a-long-hour-driving-on-the-mountains-.jpg,https://st4.depositphotos.com/4675599/24017/i/1600/depositphotos_240176112-stock-photo-man-woman-walk-promenade-holding.jpg,325,326,False,False,True
A girl walks down the road.,"girl,walk,road","bride,walk,road",http://pablomajluf.mx/wp-content/uploads/2012/03/Girl-Walk-All-Day.jpg,https://i.pinimg.com/originals/72/30/8f/72308f2038b3973136990cacf782f59c.jpg,498,499,True,False,False
A woman walks on a road.,"woman,walk,road","woman,hitchhike,road",https://static3.bigstockphoto.com/9/4/3/large1500/349511875.jpg,https://i.pinimg.com/originals/6d/44/a7/6d44a7e7e79ddb7823ae18086d891de4.jpg,731,592,False,True,False
A GIRL WALKS IN THE ROAD,"girl,walk,road","girl,walk,water",http://thumbs.dreamstime.com/z/young-girl-walking-down-road-alone-47590515.jpg,https://thumbs.dreamstime.com/z/%E5%A5%B3%E4%BA%BA%E6%88%B4%E7%9D%80%E5%A2%A8%E9%95%9C%E5%92%8C%E6%B3%A2%E9%9C%8D%E4%B8%9D%E6%8A%AB%E5%B7%BE%E5%9C%A8%E7%A0%81%E5%A4%B4%E4%B8%8A%E8%A1%8C%E8%B5%B0-%E5%A5%B3%E5%AD%A9%E5%9C%A8%E6%B4%AA%E6%9C%A8%E6%B0%B4%E4%B8%8B%E7%A0%81%E5%A4%B4%E4%BC%91%E6%81%AF-%E4%BA%BA%E8%A1%8C%E9%81%93-167287305.jpg,802,118,False,False,True
A dog stands in the grass.,"dog,stand,grass","girl,stand,grass",https://p0.pikist.com/photos/21/597/meadow-dog-stand-dandelion-animal-pet-out-grass-nature.jpg,https://image.shutterstock.com/image-photo/grass-outdoor-on-back-background-600w-708502795.jpg,1454,82,True,False,False
A woman walks down the street.,"woman,walk,street","child,walk,street",https://st2.depositphotos.com/4908825/11078/i/950/depositphotos_110785518-stock-photo-sexy-woman-walk-in-city.jpg,http://media.pennlive.com/midstate_impact/photo/-95cc9b0c54cfe27a_large.jpg,932,1498,True,False,False
A person sits against a tree.,"person,sit,tree","person,perch,tree",https://image.shutterstock.com/image-photo/businessman-leaning-against-tree-resting-260nw-408648217.jpg,https://m.media-amazon.com/images/S/aplus-seller-content-images-us-east-1/ATVPDKIKX0DER/ASWT0POF47SDU/B075VD4M9G/fxijYWNDS6Gd._UX800_TTW__.jpg,1141,1142,False,True,False
A woman in a pink shirt sits on the seawall at a sandy beach.,"woman,sit,beach","kid,sit,beach",https://thumbs.dreamstime.com/z/%D0%B6%D0%B5%D0%BD%D1%89%D0%B8%D0%BD%D0%B0-%D1%81%D0%B8%D0%B4%D0%B8%D1%82-%D0%BE%D0%BA%D0%BE%D0%BB%D0%BE-%D0%BF%D0%BB%D1%8F%D0%B6%D0%B0-%D0%BA%D0%BE%D0%B3%D0%B4%D0%B0-%D0%B7%D0%B0%D1%85%D0%BE%D0%B4-%D1%81%D0%BE%D0%BB%D0%BD%D1%86%D0%B0-%D0%B8-%D0%B8%D0%B3%D1%80%D0%B0%D0%B5%D1%82-%D1%87%D0%B5%D1%80%D0%BD%D1%8C-126721520.jpg,https://media.istockphoto.com/photos/baby-and-teddy-bear-sit-togather-on-the-beach-this-immage-can-use-for-picture-id1029264600,1772,127,True,False,False
A child runs in a field.,"child,run,field","child,run,sunset', 'child,run,beach', 'child,run,water",https://static1.bigstockphoto.com/6/2/3/large1500/326314930.jpg,https://choosetobehappytoo.com/wp-content/uploads/2018/06/choose-to-be-happy-family-on-the-beach-jamaica.jpeg,2281,2282,False,False,True
A girl sits in a meadow.,"girl,sit,meadow","animal,sit,meadow', 'dog,sit,meadow",https://c8.alamy.com/comp/BANXH9/people-woman-girl-15-20-20-25-blonde-sit-grass-outdoor-meadow-field-BANXH9.jpg,https://media.istockphoto.com/photos/beautiful-obedient-border-collie-dog-is-sitting-proudly-alone-in-a-picture-id1207935755,2223,2304,True,False,False
The girl sits in the field,"girl,sit,field","girl,sit,table",http://revelwallpapers.net/media/wallpapers/girl-brunette-field-grass-sit-art.jpg,https://media.istockphoto.com/photos/pretty-and-beautiful-girl-sit-on-sofa-and-use-laptop-on-table-for-picture-id1165740835,2393,1974,False,False,True
The child did not have to stand in the field.,"child,stand,field","child,stand,front",https://img.freepik.com/darmowe-zdjecie/urocza-rodzina-stoi-wsrod-maku_8353-11004.jpg?size=626&ext=jpg,https://previews.123rf.com/images/olgapink/olgapink1708/olgapink170800055/83606652-%EC%9E%91%EC%9D%80-%EC%95%84%EC%9D%B4%EA%B0%80-%EC%A1%B0%EB%A5%98-%EC%88%98%ED%8F%89%EC%84%A0-%EC%97%AC%ED%96%89-%EA%BF%88%EC%9D%98-%EA%B0%9C%EB%85%90%EC%9C%BC%EB%A1%9C-%ED%91%B8%EB%A5%B8-%EB%B0%94%EB%8B%A4-%EC%86%90-%EC%95%9E%EC%97%90-%EC%84%9C.jpg,1959,662,False,False,True
A girl is sitting on the beach.,"girl,sit,beach","girl,sit,ball",https://st4.depositphotos.com/2060347/20164/i/1600/depositphotos_201643328-stock-photo-lonely-woman-sitting-beach-sea.jpg,https://previews.123rf.com/images/kolotype/kolotype1212/kolotype121200230/17053307-%E9%AD%85%E5%8A%9B%E7%9A%84%E3%81%AA%E8%8B%A5%E3%81%84%E5%A5%B3%E6%80%A7%E3%81%AF%E7%99%BD%E3%81%A7%E9%9A%94%E9%9B%A2%E3%81%95%E3%82%8C%E3%82%8B%E3%82%B5%E3%83%83%E3%82%AB%E3%83%BC-%E3%83%9C%E3%83%BC%E3%83%AB%E3%81%AE%E4%B8%8A%E3%81%AB%E5%BA%A7%E3%81%A3%E3%81%A6.jpg,2356,2980,False,False,True
A girl is running on the street.,"girl,run,street","businessman,run,street",https://st4.depositphotos.com/6202708/20244/i/1600/depositphotos_202449192-stock-photo-sporty-girl-run-street-night.jpg,https://previews.123rf.com/images/bowie15/bowie151003/bowie15100300078/6624829-Businessman-running-on-a-city-street-Stock-Photo-fashion-street-run.jpg,602,2472,True,False,False
A girl sits against a tree.,"girl,sit,tree","girl,stand,tree",https://www.wallpaperup.com/uploads/wallpapers/2018/06/14/1268593/73ecafd97075df219fdd548c8f540a25-700.jpg,https://c8.alamy.com/comp/R1P9H0/woman-with-yellow-leaves-stand-near-big-tree-in-autumn-city-park-portrait-closeup-R1P9H0.jpg,8,1172,False,True,False
A person is standing on the beach.,"person,stand,beach","person,stand,door",https://previews.123rf.com/images/baramyou0708/baramyou07081905/baramyou0708190500004/122398329-a-lonely-asian-man-stand-alone-on-beach-facing-to-the-sea-in-blue-day-.jpg,https://image.shutterstock.com/image-photo/young-man-standing-by-open-600w-1265711626.jpg,703,704,False,False,True
A woman sits in the grass.,"woman,sit,grass","child,sit,grass",https://thumbs.dreamstime.com/z/%D0%B6%D0%B5%D0%BD%D1%89%D0%B8%D0%BD%D0%B0-%D1%81-%D0%BD%D0%BE%D1%83%D1%82%D0%B1%D1%83%D0%BA%D0%BE%D0%BC-%D1%81%D0%B8%D0%B4%D0%B8%D1%82-%D0%BD%D0%B0-%D0%BA%D0%BE%D0%B2%D1%80%D0%BE%D0%B2%D0%BE%D0%BC-%D1%82%D1%80%D0%B0%D0%B2%D0%B5-%D1%88%D0%B0%D0%B3%D0%B8-%D0%BF%D0%BE-%D0%BD%D0%B0%D1%87%D0%B0%D0%BB%D1%83-%D0%B1%D0%B8%D0%B7%D0%BD%D0%B5%D1%81%D0%B0-159029265.jpg,https://p0.pikist.com/photos/448/653/child-pink-winter-view-sit-in-the-grass-girl-happy-thumbnail.jpg,324,1219,True,False,False
A child runs on a road.,"child,run,road","woman,run,road', 'girl,run,road",https://www.runpacers.com/wp/wp-content/uploads/2017/03/Kids-Running-CapClassic-NavyYard-1200x600-1200x600.jpg,http://ak5.picdn.net/shutterstock/videos/8626459/thumb/11.jpg?i10c=img.resize(height:160),21,20,True,False,False
Dog lies in a meadow,"dog,lie,meadow","dog,lie,lawn",https://previews.123rf.com/images/madrabothair/madrabothair1711/madrabothair171100175/89696481-%EC%B4%88%EC%9B%90%EC%97%90-%EB%88%84%EC%9B%8C%EC%9E%88%EB%8A%94-%EA%B2%80%EC%9D%80-%EB%9E%98%EB%B8%8C%EB%9D%BC%EB%8F%84-%EA%B0%95%EC%95%84%EC%A7%80%EC%9D%98-%EB%A8%B8%EB%A6%AC-%EC%B4%88%EC%83%81%ED%99%94.jpg,https://comps.canstockphoto.co.il/%D7%9B%D7%9C%D7%91-%D7%9E%D7%93%D7%A9%D7%90%D7%94-%D7%99%D7%9C%D7%93%D7%94-%D7%A6%D7%99%D7%9C%D7%95%D7%9D-%D7%9E%D7%A0%D7%99%D7%95%D7%AA_csp73472502.jpg,290,1002,False,False,True
A girl lies on the couch.,"girl,lie,couch","girl,lie,beach",https://thumbs.dreamstime.com/z/%D1%80%D0%B0%D1%81%D1%81%D1%82%D1%80%D0%BE%D0%B5%D0%BD%D0%BD%D0%B0%D1%8F-%D0%B6%D0%B5%D0%BD%D1%89%D0%B8%D0%BD%D0%B0-%D0%BB%D0%B5%D0%B6%D0%B0-%D0%BD%D0%B0-%D0%BA%D1%80%D0%B5%D1%81%D0%BB%D0%B5-%D1%81%D0%BE-%D1%81%D0%BC%D0%B0%D1%80%D1%82%D1%84%D0%BE%D0%BD%D0%BE%D0%BC-%D0%B2-%D1%80%D1%83%D0%BA%D0%B0%D1%85-132432272.jpg,https://previews.123rf.com/images/ovbelov/ovbelov1809/ovbelov180900125/108169361-little-girl-lies-on-stone-on-the-beach-at-sunset.jpg,1301,1302,False,False,True
A boy sits on the beach.,"boy,sit,beach","businessman,sit,beach', 'man,sit,beach', 'person,sit,beach",https://img01.rl0.ru/dc37b7b7449a7a0bc650c2086a265b20/c1300x975/previews.123rf.com/images/relena74/relena741307/relena74130700023/21201191-Boy-plays-with-sand-at-the-beach-Stock-Photo-boy-swimming-trunks.jpg,http://ak.picdn.net/shutterstock/videos/127519/thumb/1.jpg,565,150,True,False,False
The boy is sitting on the couch.,"boy,sit,couch","boy,lie,couch",https://thumbs.dreamstime.com/z/%CF%84%CE%BF-%CE%B1%CE%B3%CF%8C%CF%81%CE%B9-%CE%BA%CE%AC%CE%B8%CE%B5%CF%84%CE%B1%CE%B9-%CF%83%CF%84%CE%B1-%CF%80%CE%B1%CE%B9%CF%87%CE%BD%CE%AF%CE%B4%CE%B9%CE%B1-%CE%BA%CE%B1%CE%BD%CE%B1%CF%80%CE%AD%CE%B4%CF%89%CE%BD-%CE%BC%CE%B5-%CF%84%CE%B7%CE%BD-%CE%BA%CE%BF%CF%81%CF%85%CF%86%CE%AE-vi-smartphone-%CE%BA%CE%B1%CE%B9-gamepad-129656906.jpg,https://thumbs.dreamstime.com/z/%CE%B4%CF%8D%CE%BF-%CF%87%CE%B1%CF%81%CE%BF%CF%8D%CE%BC%CE%B5%CE%BD%CE%B1-%CF%80%CE%B1%CE%B9%CE%B4%CE%B9%CE%AC-%CE%AD%CE%BD%CE%B1-%CE%B1%CE%B3%CF%8C%CF%81%CE%B9-%CE%BA%CE%B1%CE%B9-%CE%BA%CE%BF%CF%81%CE%AF%CF%84%CF%83%CE%B9-%CE%BE%CE%B1%CF%80%CE%BB%CF%8E%CE%BD%CE%BF%CF%85%CE%BD-%CF%83%CE%B5-%CE%AD%CE%BD%CE%B1%CE%BD-%CE%BA%CE%B1%CE%BD%CE%B1%CF%80%CE%AD-%CE%BC%CE%B5-179937292.jpg,633,634,False,True,False
The person is lying on the beach.,"person,lie,beach","person,lie,field', 'person,lie,grass",https://static2.bigstockphoto.com/8/7/3/large2/378507427.jpg,https://fotomelia.com/wp-content/uploads/2016/05/photos-gratuites-libres-de-droits-domaine-public-creative-commons-t%C3%A9l%C3%A9chargement-libre1-33.jpg,1250,1251,False,False,True
A man sits on his couch.,"man,sit,couch","man,sit,chair",https://st4.depositphotos.com/20363444/26772/i/450/depositphotos_267721470-stock-photo-smiling-handsome-man-sitting-yellow.jpg,https://thumbs.dreamstime.com/b/%CF%83%CF%85%CE%BD%CE%B5-%CF%81%CE%AF%CE%B1%CF%83%CE%B7-%CE%B5%CF%80%CE%B9%CF%87%CE%B5%CE%B9%CF%81%CE%B7%CF%83%CE%B9%CE%B1%CE%BA%CF%8E%CE%BD-%CE%B1%CF%84%CF%8C%CE%BC%CF%89%CE%BD-%CF%80%CF%81%CF%8C%CF%83%CE%BA-%CE%B7%CF%83%CE%B7%CF%82-%CF%83%CF%84%CE%B7%CE%BD-%CE%BA%CE%B1%CF%81%CE%AD%CE%BA-%CE%B1-31717627.jpg,1288,1289,False,False,True
man walk in the street,"man,walk,street","person,walk,street",https://res.cloudinary.com/twenty20/private_images/t_watermark-criss-cross-10/v1478751630000/photosp/73fe61d5-216d-4764-8628-a9f78477a467/stock-photo-cross-street-walking-old-japan-man-sunny-life-senior-73fe61d5-216d-4764-8628-a9f78477a467.jpg,https://static01.nyt.com/images/2017/11/03/nyregion/00pedxing01/00pedxing01-superJumbo.jpg,139,140,True,False,False
A man is walking on the street.,"man,walk,street","girl,walk,street",https://st3.depositphotos.com/6202708/17168/i/1600/depositphotos_171689546-stock-photo-man-walk-on-the-street.jpg,https://previews.123rf.com/images/shipskyy/shipskyy1801/shipskyy180100063/93074449-%E8%8B%A5%E3%81%84%E3%81%8B%E3%82%8F%E3%81%84%E3%81%84%E5%A5%B3%E3%81%AE%E5%AD%90%E3%81%8C%E9%80%9A%E3%82%8A%E3%82%92%E6%AD%A9%E3%81%8F%E3%80%82%E7%89%87%E6%89%8B%E3%81%AB%E5%BD%BC%E5%A5%B3%E3%81%AE%E3%82%B9%E3%82%AB%E3%83%BC%E3%83%95%E3%82%92%E6%8E%9B%E3%81%91%E3%80%81%E5%91%A8%E3%82%8A%E3%82%92%E8%A6%8B%E5%9B%9E%E3%81%97%E3%81%BE%E3%81%99%E3%80%82%E6%9A%96%E3%81%8B%E3%81%84%E5%A4%A9%E5%80%99%E3%81%AE%E5%86%AC%E6%9C%8D.jpg,158,159,True,False,False
A man walks down the street.,"man,walk,street","man,walk,field",https://c8.alamy.com/comp/PM5200/city-walk-young-man-walking-on-the-street-pensive-PM5200.jpg,https://previews.123rf.com/images/4559585/45595851903/4559585190300289/119011732-beautiful-young-couple-man-and-woman-walking-wheat-field-in-summer-holding-each-others-hand-smiling-.jpg,236,95,False,False,True
A woman lies next to a man on the floor.,"woman,lie,floor","man,lie,floor",https://thumbs.dreamstime.com/z/%CE%BF-%CE%AC%CE%BD-%CF%81%CE%B1%CF%82-%CE%BA%CE%B1%CE%B9-%CE%B7-%CE%B3%CF%85%CE%BD%CE%B1%CE%AF%CE%BA%CE%B1-%CE%B2%CF%81%CE%AF%CF%83%CE%BA%CE%BF%CE%BD%CF%84%CE%B1%CE%B9-%CF%83%CF%84%CE%BF-%CF%80%CE%AC%CF%84%CF%89%CE%BC%CE%B1-%CF%83%CF%84%CE%BF-%CE%BA%CE%B1%CE%B8%CE%B9%CF%83%CF%84%CE%B9%CE%BA%CF%8C-66692375.jpg,https://i.pinimg.com/originals/00/45/a8/0045a8bcea562a1c8c367f24ee6988c1.jpg,335,336,True,False,False
A man walking through trees.,"man,walk,tree","woman,walk,tree",https://cdn.nohat.cc/thumb/f/720/6723189954576384.jpg,https://i.pinimg.com/originals/6c/f4/39/6cf43955aba2f3a6b1c3682e60fca902.jpg,366,367,True,False,False
Man walking through the trees.,"man,walk,tree","woman,walk,tree', 'girl,walk,tree",https://images.wallpaperscraft.com/image/railway_man_walk_trees_117040_1280x1024.jpg,http://cdn7.dissolve.com/p/D328_51_028/D328_51_028_0004_600.jpg,374,375,True,False,False
A man lies on the floor.,"man,lie,floor","woman,lie,floor",https://c7.uihere.com/files/948/485/191/kowtow-tibet-pilgrimage-street.jpg,https://previews.123rf.com/images/tankist276/tankist2761703/tankist276170300003/73492626-%E8%8B%A5%E3%81%84%E3%82%BB%E3%82%AF%E3%82%B7%E3%83%BC%E3%81%AA%E7%BE%8E%E5%A5%B3%E5%A5%B3%E6%80%A7%E5%98%98%E3%83%9B%E3%83%BC%E3%83%A0%E9%9A%8E%E3%81%A8%E6%9C%AC%E3%82%92%E8%AA%AD%E3%82%80.jpg,391,392,True,False,False
A woman in a brown jacket walks by a tree during fall.,"woman,walk,tree","woman,stand,tree",http://cdn7.dissolve.com/p/D328_51_028/D328_51_028_0004_600.jpg,https://i.pinimg.com/originals/f8/ee/35/f8ee35fcb5ccacadd5e2c3f6929423d8.jpg,375,451,False,True,False
A woman in a brown jacket walks by a tree during fall.,"woman,walk,tree","woman,sit,tree",http://cdn7.dissolve.com/p/D328_51_028/D328_51_028_0004_600.jpg,http://thumbs.dreamstime.com/z/woman-sitting-under-tree-20872804.jpg,375,323,False,True,False
A man sit on the beach,"man,sit,beach","man,walk,beach",https://st3.depositphotos.com/7864264/15690/i/1600/depositphotos_156908372-stock-photo-young-handsome-man-on-the.jpg,https://c8.alamy.com/comp/T6E34G/man-walk-surfboard-surfing-beach-T6E34G.jpg,487,488,False,True,False
mother walks on beach,"mother,walk,beach","boy,walk,beach",https://image.freepik.com/darmowe-zdjecie/matka-i-syn-chodzic-po-plazy_167657-167.jpg,https://c.stocksy.com/a/ibB400/z9/997934.jpg,539,165,True,False,False
A woman stands in a field.,"woman,stand,field","woman,lie,field",http://c8.alamy.com/compde/cx4611/foto-der-schonen-frau-auf-weizenfeld-recht-jugendlich-madchen-stand-auf-dem-goldenen-roggen-land-mit-offenen-handen-angehoben-cx4611.jpg,https://www.bolde.com/wp-content/uploads/2019/05/iStock-1148293308.jpg,636,1067,False,True,False
A woman stands near some trees.,"woman,stand,tree","woman,stand,chair",https://as2.ftcdn.net/jpg/02/30/48/07/500_F_230480779_Yd5QgoLTpRKw3DGw38WeFCdRAcpodzu2.jpg,https://st.depositphotos.com/1712366/4353/i/950/depositphotos_43530141-stock-photo-woman-gold-zebra-shirt-stand.jpg,1218,594,False,False,True
People walk down the street.,"person,walk,street","person,walk,coast",https://img.freepik.com/darmowe-zdjecie/mezczyzna-skrzyzowanie-drogi-na-ruchliwej-ulicy_23-2147932409.jpg?size=626&ext=jpg,https://p0.pikist.com/photos/539/208/beach-walk-mist-contemplative-male-sand-sea-coast-person.jpg,387,388,False,False,True
Man walking through the trees.,"man,walk,tree","man,sit,tree",https://images.wallpaperscraft.com/image/railway_man_walk_trees_117040_1280x1024.jpg,https://previews.123rf.com/images/hideto111/hideto1111609/hideto111160900088/64016198-%EB%85%B8%EC%9D%B8%EC%9D%80-%EB%82%98%EB%AC%B4%EC%9D%98-%EA%B1%B4%EC%A1%B0%ED%95%9C-%EC%A7%80%EC%97%AD%EC%97%90-%EC%95%89%EB%8A%94%EB%8B%A4-.jpg,374,566,False,True,False
A man walks on a beach.,"man,walk,beach","man,lie,beach",https://comps.canstockphoto.com.br/homens-praia-passeio-banco-de-fotos_csp2166973.jpg,https://previews.123rf.com/images/erwinova/erwinova0807/erwinova080700001/3253584-man-lie-down-on-tropical-beach-sand.jpg,576,577,False,True,False
Girls walking down the street.,"girl,walk,street","girl,run,street",http://il8.picdn.net/shutterstock/videos/7508707/thumb/1.jpg,https://st4.depositphotos.com/6202708/20244/i/1600/depositphotos_202449192-stock-photo-sporty-girl-run-street-night.jpg,601,602,False,True,False
Girls walking down the street.,"girl,walk,street","boy,walk,street",http://il8.picdn.net/shutterstock/videos/7508707/thumb/1.jpg,https://previews.123rf.com/images/elenalmond/elenalmond1604/elenalmond160400002/56997985-%EC%96%B4%EB%A6%B0-%EC%86%8C%EB%85%80%EC%99%80-%EC%86%8C%EB%85%84%EC%9D%98-%EC%BB%A4%ED%94%8C-%EB%B4%84-%EA%B1%B0%EB%A6%AC-%EC%9E%A1%EA%B8%B0-%EC%86%90%EC%97%90-%EA%B1%B8%EC%96%B4.jpg,601,734,True,False,False
A woman is walking in the sea.,"woman,walk,sea","woman,run,sea",https://c8.alamy.com/comp/XE7CJR/girl-walks-into-the-sea-XE7CJR.jpg,https://thumbs.dreamstime.com/z/%D0%B4%D0%B5%D0%B2%D1%83%D1%88%D0%BA%D0%B0-%D0%B1%D0%B5%D0%B6%D0%B0%D1%82%D1%8C-%D0%BD%D0%B0-%D0%BF%D0%B5%D1%81%D0%BA%D0%B5-%D0%BE%D0%BA%D0%BE-%D0%BE-%D0%B2%D0%BE-%D1%8B-82539594.jpg,762,763,False,True,False
A girl walks near the sea.,"girl,walk,sea","girl,float,sea",http://img95.699pic.com/xsj_video/00/kl/7o.jpg,https://images.ladbible.com/resize?type=jpeg&url=http://beta.ems.ladbiblegroup.com/s3/content/811b52c35f44ac1ed7cae5b8c82f4c8e.png&quality=70&height=455&aspectratio=16:9&extend=white,862,863,False,True,False
The dog stands on the grass.,"dog,stand,grass","dog,walk,grass",https://images-na.ssl-images-amazon.com/images/I/41Sqnt9va-L._AC_.jpg,https://images.snapwi.re/4155/5735ab1aba702100147b23d2.w800.jpg,6646,9383,False,True,False
A girl lies on a couch.,"girl,lie,couch","girl,sit,couch",https://wallsheaven.com/decorating-ideas/6885/home-design-living-room-sofa-apartament-6885-teenager-talking-on-the-cell-phone-D80266565.webp?nr=3&size=400,https://c8.alamy.com/comp/W4R8FJ/guy-and-girl-sit-on-white-soft-couch-and-discuss-joint-plans-for-future-W4R8FJ.jpg,312,222,False,True,False
A woman sits on a couch.,"woman,sit,couch","woman,lay,couch",https://media.istockphoto.com/photos/the-sad-woman-sit-near-the-man-on-the-sofa-picture-id1145066570,https://image.shutterstock.com/image-photo/woman-lay-on-sofa-laptop-600w-252146113.jpg,559,560,False,True,False
A man sits on a couch.,"man,sit,couch","dog,sit,couch",https://c8.alamy.com/comp/PX193B/nice-man-sit-on-the-sofa-at-home-PX193B.jpg,https://images.wagwalkingweb.com/media/training_guides/jump-on-the-couch/hero/How-to-Train-Your-Dog-to-Jump-on-the-Couch.jpg,617,618,True,False,False
A man lies on a couch.,"man,lie,couch","woman,lie,couch",https://image.shutterstock.com/image-photo/-260nw-564835174.jpg,https://c8.alamy.com/comp/H40YF5/sofa-woman-lie-enjoy-book-detail-young-blond-long-haired-recreation-H40YF5.jpg,723,724,True,False,False
The woman sits on a couch.,"woman,sit,couch","woman,sit,ledge",https://previews.123rf.com/images/ryanking999/ryanking9991707/ryanking999170700069/81847257-%E5%A5%B3%E6%80%A7%E3%81%8C%E3%82%BD%E3%83%95%E3%82%A1%E3%83%BC%E3%81%AE%E4%B8%8A%E3%81%AB%E5%BA%A7%E3%82%8B%E3%81%97%E3%80%81%E3%83%AB%E3%83%BC%E3%83%A0%E3%81%AB%E3%81%A6%E3%80%81%E3%81%8A%E6%B0%97%E8%BB%BD%E3%81%AB.jpg,https://previews.123rf.com/images/martinan/martinan1806/martinan180600035/104964411-mature-woman-sitting-on-window-ledge-bed.jpg,752,753,False,False,True
A girl sits on a couch.,"girl,sit,couch","girl,sit,garden",https://st3.depositphotos.com/1385248/16130/i/1600/depositphotos_161301184-stock-photo-woman-sit-on-sofa.jpg,https://images.mediabakery.com/RAD/1LX/RAD0113898-preview-logo-watermarked.jpg,847,848,False,False,True
The dog sits on the street.,"dog,sit,street","dog,sit,lawn",https://thumbs.dreamstime.com/b/%D1%81%D0%BE%D0%B1%D0%B0%D0%BA%D0%B0-%D0%B1%D1%80%D0%B0%D0%B9%D0%BD%D0%B0-%D1%81%D0%B8-%D1%8F-%D0%BE%D0%BA%D0%BE-%D0%BE-%D0%BE%D1%80%D0%BE%D0%B3%D0%B8-62926114.jpg,https://get.wallhere.com/photo/grass-dog-wet-Fetch-stay-training-animal-cute-plant-meadow-sit-lawn-snout-grass-family-dog-like-mammal-canine-dog-breed-retriever-goldenretriever-command-sporting-group-771514.jpg,3763,377,False,False,True
Three small persons sit in the meadow.,"person,sit,meadow","woman,sit,meadow', 'girl,sit,meadow",https://previews.123rf.com/images/lestertair/lestertair1401/lestertair140100508/25026720-children-sit-on-meadow-person.jpg,https://static2.bigstockphoto.com/6/5/2/large1500/256466077.jpg,2528,800,True,False,False
A woman walks in the park.,"woman,walk,park","woman,stand,park",http://i1.ytimg.com/vi/8UE1Bsnmkis/maxresdefault.jpg,https://thumbs.dreamstime.com/z/%E5%A6%87%E5%A5%B3%E7%AB%8B%E5%9C%BA%E5%9C%A8%E5%85%AC%E5%9B%AD%E5%9C%A8%E9%87%91%E9%BB%84%E7%A7%8B%E5%A4%A9-%E6%A0%91%E8%83%8C%E6%99%AF-130211555.jpg,810,2056,False,True,False
Children sit on a beach.,"child,sit,beach","child,walk,beach",https://c8.alamy.com/comp/H4520J/beach-children-three-sit-back-view-person-siblings-girls-boy-vacation-H4520J.jpg,https://previews.123rf.com/images/marchibas/marchibas1411/marchibas141100004/33254316-%EC%9E%91%EC%9D%80-%EC%96%B4%EB%A6%B0%EC%9D%B4-%ED%98%95%EC%A0%9C%EC%99%80-%EC%9E%90%EB%A7%A4%EB%8A%94-%ED%95%B4%EB%B3%80%EC%97%90%EC%84%9C-%EB%8F%84%EB%B3%B4%EB%A1%9C.jpg,1926,1927,False,True,False
A person takes a run on street,"person,run,street","person,run,ball', 'person,run,player",http://files.strani.domenca.com/domovanje773/image/npfu4gffz7e-martins-zemlickis.jpg,https://www.telegraph.co.uk/content/dam/news/2019/11/10/TELEMMGLPICT000215743487_trans_NvBQzQNjv4Bq688n9x0pLg7wrhjlfnO5m1Vse9JsN00kzbUr3IXHaGo.jpeg?imwidth=450,822,31,False,False,True
People sitting in a meadow.,"woman,sit,meadow","dog,sit,meadow",https://static2.bigstockphoto.com/6/5/2/large1500/256466077.jpg,https://p0.pikist.com/photos/657/663/grass-animal-dog-cute-pet-meadow-sit.jpg,800,22,True,False,False
A mother walks down a road.,"mother,walk,road","lady,walk,road",https://c8.alamy.com/comp/2A72MRP/mother-and-son-on-a-dirt-road-in-a-path-between-the-rice-fields-rural-landscape-where-a-boy-and-his-mother-walk-along-a-road-in-the-middle-of-an-autu-2A72MRP.jpg,https://live.staticflickr.com/4046/4283127264_479c926523_b.jpg,277,1202,True,False,False
The players ran on the field.,"player,run,field","boy,run,field', 'kid,run,field",https://static.timesofisrael.com/www/uploads/2015/08/ashdod-sofia-match-640x400.png,https://res.cloudinary.com/twenty20/private_images/t_watermark-criss-cross-10/v1543825343000/photosp/3f6f8a78-5cc9-47ec-be65-37cbc6e16621/stock-photo-field-grass-sport-meadow-child-freedom-boy-run-kid-3f6f8a78-5cc9-47ec-be65-37cbc6e16621.jpg,1499,650,True,False,False
A girl sits in the grass.,"girl,sit,grass","girl,sit,classroom",http://previews.123rf.com/images/daynamore/daynamore1007/daynamore100700042/7352203-pretty-little-girl-sitting-in-the-grass-Stock-Photo-girl-tween-shorts.jpg,https://previews.123rf.com/images/tan4ikk/tan4ikk1812/tan4ikk181200002/112910869-little-blond-girl-sit-at-the-white-desk-and-laughing-in-the-school-classroom.jpg,675,676,False,False,True
A woman lies in the grass.,"woman,lie,grass","woman,lie,mat",http://images.freeimages.com/images/premium/previews/1021/10212538-woman-lying-on-grass.jpg,https://static1.bigstockphoto.com/7/6/1/large1500/167709173.jpg,795,796,False,False,True
the man sits on the grass for lunch.,"man,sit,grass","man,sit,table",https://previews.123rf.com/images/klyots/klyots1803/klyots180300028/97393183-%E8%8B%A5%E3%81%84%E5%BC%B7%E3%81%84%E7%AD%8B%E8%82%89%E3%81%AE%E7%94%B7%E3%81%AF%E8%8D%89%E3%81%AE%E4%B8%8A%E3%81%AB%E5%BA%A7%E3%81%A3%E3%81%A6%E3%83%AA%E3%83%A9%E3%83%83%E3%82%AF%E3%82%B9-%E3%82%B8%E3%83%BC%E3%83%B3%E3%82%BA%E3%81%AE%E7%94%B7%E6%80%A7%E3%83%95%E3%82%A3%E3%83%83%E3%83%88%E3%83%8D%E3%82%B9%E3%83%A2%E3%83%87%E3%83%AB%E3%81%AF%E3%80%81%E3%83%87%E3%83%8B%E3%83%A0%E3%82%AB%E3%82%B8%E3%83%A5%E3%82%A2%E3%83%AB%E3%81%AA%E5%A4%96%E8%A6%B3%E3%80%81%E3%81%B2%E3%81%92%E3%81%A8%E7%9C%BC%E9%8F%A1%E3%82%92%E6%8C%81%E3%81%A4%E3%83%92%E3%83%83%E3%83%97%E3%82%B9%E3%82%BF%E3%83%BC%E3%81%AE.jpg,https://previews.123rf.com/images/joruba/joruba1212/joruba121200195/24090702-%E3%82%BF%E3%83%BC-%E3%83%86%E3%83%BC%E3%83%96%E3%83%AB%E3%81%AB%E5%BA%A7%E3%82%8A%E3%80%81%E3%82%A8%E3%83%AC%E3%82%AC%E3%83%B3%E3%83%88%E3%81%AA%E3%83%93%E3%82%B8%E3%83%8D%E3%82%B9%E3%81%AE%E7%94%B7%E6%80%A7.jpg,830,831,False,False,True
The man sits on the grass.,"man,sit,grass","man,sit,dune",https://c8.alamy.com/comp/JEXG6N/young-black-tourist-man-sitting-down-on-green-grass-crrosing-his-legs-JEXG6N.jpg,https://c8.alamy.com/comp/RAT5FH/man-sitting-alone-on-a-desert-dune-RAT5FH.jpg,897,898,False,False,True
A man scrolling through his phone while chilling on the floor.,"man,sit,floor","man,sit,dune",https://static1.bigstockphoto.com/4/3/2/large1500/234599866.jpg,https://c8.alamy.com/comp/X7H8FW/man-sitting-indian-style-on-dune-X7H8FW.jpg,828,829,False,False,True
The woman sits on the floor.,"woman,sit,floor","boy,sit,floor",https://thumbs.dreamstime.com/z/%CE%B7-%CE%B3%CF%85%CE%BD%CE%B1%CE%AF%CE%BA%CE%B1-frelance-%CE%BA%CE%AC%CE%B8%CE%B5%CF%84%CE%B1%CE%B9-%CF%83%CF%84%CE%BF-%CF%80%CE%AC%CF%84%CF%89%CE%BC%CE%B1-%CE%BC%CE%B5-%CF%84%CE%BF-%CF%83%CE%B7%CE%BC%CE%B5%CE%B9%CF%89%CE%BC%CE%B1%CF%84%CE%AC%CF%81%CE%B9%CE%BF-62489378.jpg,http://c8.alamy.com/comp/DC82PC/smiling-kid-sit-on-the-floor-over-white-background-DC82PC.jpg,314,444,True,False,False
A child sits on the floor.,"child,sit,floor","child,sit,beach",https://c8.alamy.com/comp/J63NFC/profile-baby-african-put-sitting-sit-child-floor-humans-human-beings-J63NFC.jpg,https://c8.alamy.com/comp/B9T71A/mum-with-the-child-sit-on-sand-at-the-sea-B9T71A.jpg,888,889,False,False,True
A woman stand in the grass,"woman,stand,grass","woman,stand,dune",https://media.istockphoto.com/photos/the-man-and-woman-stand-in-the-grass-picture-id1083126966?k=6&m=1083126966&s=170667a&w=0&h=rl0fkobDNz24qw-1FZ-wNjSOIrYonfwbJkfS3t9wtJk=,https://st4.depositphotos.com/7164006/21163/i/1600/depositphotos_211637152-stock-photo-pyla-sur-mer-france-july.jpg,593,190,False,False,True
A man and woman walk in a field.,"woman,walk,field","woman,walk,dune",https://previews.123rf.com/images/4559585/45595851903/4559585190300289/119011732-beautiful-young-couple-man-and-woman-walking-wheat-field-in-summer-holding-each-others-hand-smiling-.jpg,https://thumbs.dreamstime.com/z/%D0%BF%D1%80%D0%BE%D0%B3%D1%83%D0%BB%D0%BA%D0%B0-%D0%B6%D0%B5%D0%BD%D1%89%D0%B8%D0%BD%D1%8B-%D1%81%D0%B0%D0%BC%D0%BE%D1%81%D1%82%D0%BE%D1%8F%D1%82%D0%B5%D0%BB%D1%8C%D0%BD%D0%BE-%D0%BD%D0%B0-%D0%BA%D1%80%D0%B0%D1%81%D0%BD%D1%8B%D1%85-%D0%BF%D0%B5%D1%81%D1%87%D0%B0%D0%BD%D0%BD%D1%8B%D1%85-%D0%B4%D1%8E%D0%BD%D0%B0%D1%85-%D0%B2-ne-mui-106367277.jpg,95,722,False,False,True
A man sits under a tree.,"man,sit,tree","man,sit,beach', 'man,sit,sand', 'man,sit,shore",https://thumbs.dreamstime.com/z/%CE%BF-%CE%BD%CE%B5%CE%B1%CF%81%CF%8C%CF%82-%CE%AC%CE%BD-%CF%81%CE%B1%CF%82-%CE%BA%CE%AC%CE%B8%CE%B5%CF%84%CE%B1%CE%B9-%CE%BA%CE%AC%CF%84%CF%89-%CE%B1%CF%80%CF%8C-%CE%AD%CE%BD%CE%B1-%CE%AD%CE%BD%CF%84%CF%81%CE%BF-78351722.jpg,https://as1.ftcdn.net/jpg/01/69/54/80/500_F_169548028_ME3KgiMkMIq8iO8Lh7BuThesVd9VS79e.jpg,473,504,False,False,True
A girl sits in a tree.,"girl,sit,tree","girl,sit,room",https://image.shutterstock.com/image-photo/little-girl-climbed-on-tree-600w-37486456.jpg,https://comps.canstockphoto.com/excited-millennial-girl-shocked-by-news-picture_csp76991719.jpg,55,644,False,False,True
A woman sits facing a tree.,"woman,sit,tree","woman,stand,tree",https://p0.pikist.com/photos/559/857/person-woman-bank-nature-tree-sit-rest-wait-mood.jpg,https://i.pinimg.com/originals/f8/ee/35/f8ee35fcb5ccacadd5e2c3f6929423d8.jpg,809,451,False,True,False
A woman is sitting at the park.,"woman,sit,park","woman,run,park",https://www.photocase.com/photos/2795757-front-view-of-a-young-hipster-woman-sitting-on-grass-in-a-park-while-holding-a-flower-and-smiling-in-a-sunny-day-photocase-stock-photo-large.jpeg,https://i.pinimg.com/originals/4c/2d/57/4c2d57c58886206bc4a3e0e3e46e0926.jpg,395,1660,False,True,False
A man standing on the beach.,"man,stand,beach","man,stand,dune",http://c8.alamy.com/comp/JPG7D3/man-silhouette-stand-alone-on-stony-beach-and-watching-romantic-colorful-JPG7D3.jpg,https://filmsupply-files.s3.amazonaws.com/fs/files/production/clip_th/369698/2-480.lgUPpXQaip6WBYAVofOndtgl8dx10xbX6hCLZhhs.jpg,1113,191,False,False,True
One little girl lie down on a beach,"girl,lie,beach","woman,lie,beach",https://fscomps.fotosearch.com/compc/CSP/CSP992/%E7%9B%B8%E5%BD%93-%E5%B9%B4%E8%BD%BB%E5%A5%B3%E5%AD%A9-%E5%9C%A8%E6%B5%B7%E6%BB%A9%E4%B8%8A%E8%BA%BA-%E5%9B%BE%E7%89%87__k14117854.jpg,https://previews.123rf.com/images/skyman/skyman1304/skyman130400051/19226330-l%C3%A4chelnd-sch%C3%B6ne-frau-liegen-am-strand-zur-entspannung-im-sommer-am-strand-liegen-f%C3%BCr-entspannung-im-sommer.jpg,797,798,True,False,False
A man running at the beach.,"man,run,beach","man,run,sidewalk",https://st3.depositphotos.com/2550635/15669/i/1600/depositphotos_156693894-stock-photo-running-man-on-beach-sportsman.jpg,https://comps.canstockphoto.com.br/corrida-cal%C3%A7ada-in%C3%ADcio-homem-banco-de-imagem_csp23128566.jpg,1158,1159,False,False,True
A man sits on his computer in the park.,"man,sit,park","man,walk,park",http://thumbs.dreamstime.com/z/el-hombre-hermoso-se-sienta-en-el-parque-22213860.jpg,https://previews.123rf.com/images/gorlovkv/gorlovkv1907/gorlovkv190700131/127913651-two-senior-friend-man-walking-along-beautiful-colorful-autumn-city-park-pair-of-old-age-persons-talk.jpg,1290,1597,False,True,False
A child runs on the beach.,"child,run,beach","girl,run,beach",https://st3.depositphotos.com/1259926/13818/i/1600/depositphotos_138184726-stock-photo-joyful-little-child-running-along.jpg,https://i.pinimg.com/originals/36/0f/be/360fbe37bb5cb60b90b6f70edf157db8.jpg,1706,556,True,False,False
A mother and child run on the beach.,"mother,run,beach","mother,sit,beach",https://img.freepik.com/darmowe-zdjecie/matka-i-dziecko-biegaja-na-piaszczystej-plazy_167657-128.jpg?size=626&ext=jpg,https://image.shutterstock.com/z/stock-photo-father-with-mother-and-daughter-sit-on-beach-in-day-time-and-play-on-sand-69106456.jpg,449,995,False,True,False
A girl sits on the floor.,"girl,sit,floor","dog,sit,floor",http://static3.depositphotos.com/1002181/155/i/950/depositphotos_1552330-Girl-sit-on-floor-and-reading-book.jpg,https://www.wikihow.com/images/thumb/4/4c/Teach-Your-Dog-to-Sit-Step-4-Version-4.jpg/550px-nowatermark-Teach-Your-Dog-to-Sit-Step-4-Version-4.jpg.webp,438,376,True,False,False
A person is sitting on the beach.,"person,sit,beach","person,stand,beach",https://c8.alamy.com/comp/H4719A/beach-man-barefoot-sit-laptop-person-sandy-beach-sea-computer-portable-H4719A.jpg,https://st4.depositphotos.com/16216586/20237/i/1600/depositphotos_202372680-stock-photo-man-stand-beach.jpg,258,756,False,True,False
A mother and daughter sit in the grass.,"mother,sit,grass","fox,sit,grass",https://c8.alamy.com/comp/B9T2N0/mother-with-teenager-on-grass-sit-B9T2N0.jpg,https://images.wallpaperscraft.com/image/fox_cubs_grass_set_sit_56426_1350x2400.jpg,1216,1217,True,False,False
The girl sits on the wall.,"girl,sit,wall","girl,stand,wall",https://c8.alamy.com/comp/X877E6/rear-view-of-a-teenage-girl-sitting-on-a-wall-overlooking-the-sea-X877E6.jpg,https://image.shutterstock.com/z/stock-photo-1297043299.jpg,3254,524,False,True,False
A person lies in the grass.,"person,lie,grass","kitten,lie,grass",https://previews.123rf.com/images/lekcej/lekcej1606/lekcej160600136/58087736-gl%C3%BCckliches-m%C3%A4dchen-liegen-auf-gr%C3%BCnem-gras.jpg,https://img5.goodfon.com/wallpaper/nbig/3/e3/koshka-kotiata-vzgliad-mordashki-trava-parochka.jpg,3266,2354,True,False,False
